Sunday,12,February,2023,11:50:27:13126-VCID:3B232488BF6694B3FE0-806E,VCDS Version: Release 22.10.0 (x64),Data version: 20221026 DS344.0
8J0 907 115 R,ADVMB,2.0l R4/4V TFSI     0010,
,,G001,F0,G002,F1,G002,F3,G015,F0,G015,F1,G015,F2,G016,F0,G062,F0,G102,F2,G103,F0,G106,F0,G115,F3,

Marker,TIME,Group 1 - Field 0,TIME,Group 2 - Field 1,TIME,Group 2 - Field 3,TIME,Group 15 - Field 0,TIME,Group 15 - Field 1,TIME,Group 15 - Field 2,TIME,Group 16 - Field 0,TIME,Group 62 - Field 0,TIME,Group 102 - Field 2,TIME,Group 103 - Field 0,TIME,Group 106 - Field 0,TIME,Group 115 - Field 3,
,STAMP,Engine Speed - (G28),STAMP,Engine Load,STAMP,Mass Air Flow - Sensor (G70),STAMP,Misfire Counter - Cylinder 1,STAMP,Misfire Counter - Cylinder 2,STAMP,Misfire Counter - Cylinder 3,STAMP,Misfire Counter - Cylinder 4,STAMP,Throttle Valve - Sensor 1 (G187),STAMP,Intake Air - Temperature (G42),STAMP,Current - Fuel Pressure,STAMP,Fuel Rail - Pressure (actual),STAMP,Boost Pressure - (actual),
,, /min,, %,, g/s,,,,,,,,,, %,,ï¿½C,, bar,, bar,, mbar,
,0.94,720,1.06,15.8,1.06,2.28,0.06,0,0.06,0,0.06,0,0.18,0,0.31,11.7,0.43,21.0,0.56,4.80,0.68,49.47,0.81,980.0,
,2.16,760,2.29,17.3,2.29,2.53,1.18,0,1.18,0,1.18,0,1.31,0,1.43,11.7,1.57,21.0,1.71,4.81,1.87,49.53,1.99,980.0,
,3.43,760,3.57,17.3,3.57,2.47,2.43,0,2.43,0,2.43,0,2.57,0,2.71,12.1,2.88,22.0,2.99,4.77,3.16,50.51,3.29,980.0,
,4.71,720,4.84,25.6,4.84,4.00,3.71,0,3.71,0,3.71,0,3.86,0,3.99,11.7,4.15,22.0,4.29,4.80,4.43,49.89,4.57,980.0,
,5.92,720,6.05,30.1,6.05,4.64,4.97,0,4.97,0,4.97,0,5.14,0,5.26,14.5,5.40,22.0,5.54,4.89,5.68,54.35,5.80,980.0,
,7.04,760,7.18,21.1,7.18,3.08,6.17,0,6.17,0,6.17,0,6.30,0,6.42,12.9,6.55,21.0,6.67,4.80,6.79,49.71,6.92,980.0,
,8.34,720,8.48,21.1,8.48,2.89,7.32,0,7.32,0,7.32,0,7.46,0,7.63,12.1,7.74,21.0,7.92,4.82,8.05,51.04,8.19,980.0,
,9.63,760,9.74,23.3,9.74,2.92,8.64,0,8.64,0,8.64,0,8.76,0,8.91,12.1,9.04,21.0,9.18,4.77,9.32,48.62,9.46,980.0,
,10.90,760,11.04,24.1,11.04,3.53,9.91,0,9.91,0,9.91,0,10.06,0,10.20,12.9,10.34,21.0,10.48,4.73,10.65,50.16,10.76,980.0,
,12.14,720,12.24,35.3,12.24,5.25,11.18,0,11.18,0,11.18,0,11.32,0,11.46,12.9,11.62,21.0,11.72,4.79,11.87,51.71,11.97,980.0,
,13.28,680,13.41,24.1,13.41,4.53,12.39,0,12.39,0,12.39,0,12.50,0,12.65,12.5,12.78,21.0,12.90,4.74,13.03,50.21,13.16,980.0,
,14.41,720,14.53,21.8,14.53,3.08,13.53,0,13.53,0,13.53,0,13.66,0,13.78,12.5,13.91,21.0,14.03,4.90,14.16,50.74,14.28,980.0,
,15.53,800,15.65,18.8,15.65,2.92,14.65,0,14.65,0,14.65,0,14.78,0,14.91,12.5,15.03,21.0,15.15,4.81,15.28,48.13,15.41,980.0,
,16.74,720,16.90,22.6,16.90,3.92,15.78,0,15.78,0,15.78,0,15.90,0,16.04,12.1,16.18,21.0,16.32,4.68,16.46,49.90,16.62,980.0,
,18.00,920,18.16,34.6,18.16,6.86,17.04,0,17.04,0,17.04,0,17.18,0,17.32,14.1,17.46,22.0,17.59,4.96,17.73,50.88,17.88,980.0,
,19.29,1080,19.42,42.1,19.42,9.69,18.29,0,18.29,0,18.29,0,18.43,0,18.57,15.2,18.72,21.0,18.87,4.66,18.99,53.30,19.15,990.0,
,20.48,1400,20.63,40.6,20.63,11.86,19.55,0,19.55,0,19.55,0,19.69,0,19.83,16.8,19.95,21.0,20.08,4.79,20.22,59.90,20.38,1000.0,
,21.72,1160,21.85,57.9,21.85,14.64,20.74,0,20.74,0,20.74,0,20.91,0,21.04,18.4,21.17,20.0,21.31,4.84,21.43,62.22,21.57,1020.0,
,22.98,1480,23.10,57.1,23.10,18.08,21.99,0,21.99,0,21.99,0,22.15,0,22.27,19.1,22.42,20.0,22.55,4.80,22.69,65.06,22.83,1040.0,
,24.19,1840,24.33,57.9,24.33,22.97,23.23,0,23.23,0,23.23,0,23.35,0,23.49,21.1,23.66,19.0,23.77,4.82,23.92,76.63,24.05,1070.0,
,25.42,1640,25.55,60.9,25.55,20.11,24.46,0,24.46,0,24.46,0,24.60,0,24.74,22.7,24.90,18.0,25.00,4.93,25.17,82.03,25.30,1120.0,
,26.55,1760,26.68,50.4,26.68,18.31,25.67,0,25.67,0,25.67,0,25.80,0,25.93,20.3,26.05,18.0,26.17,4.75,26.30,74.39,26.42,1090.0,
,27.70,1480,27.83,40.6,27.83,10.31,26.82,0,26.82,0,26.82,0,26.96,0,27.08,19.1,27.20,18.0,27.33,4.73,27.45,73.78,27.58,1070.0,
,28.84,1400,28.98,15.0,28.98,3.97,27.95,0,27.95,0,27.95,0,28.07,0,28.20,15.2,28.33,18.0,28.45,4.63,28.57,67.55,28.70,1030.0,
,30.15,1280,30.26,14.3,30.26,4.11,29.12,0,29.12,0,29.12,0,29.26,0,29.43,13.3,29.58,18.0,29.71,4.65,29.85,65.10,29.99,990.0,
,31.33,1240,31.45,14.3,31.45,4.08,30.42,0,30.42,0,30.42,0,30.55,0,30.68,12.9,30.82,18.0,30.95,4.84,31.08,64.94,31.20,990.0,
,32.45,1520,32.58,14.3,32.58,5.19,31.58,0,31.58,0,31.58,0,31.70,0,31.83,12.9,31.95,19.0,32.07,4.98,32.20,65.12,32.33,990.0,
,33.66,1440,33.78,14.3,33.78,4.69,32.70,0,32.70,0,32.70,0,32.84,0,32.96,13.7,33.09,19.0,33.21,5.08,33.35,65.22,33.49,990.0,
,34.86,1400,34.99,14.3,34.99,4.00,33.93,0,33.93,0,33.93,0,34.07,0,34.21,13.3,34.35,19.0,34.48,5.18,34.61,65.40,34.74,990.0,
,36.00,1080,36.14,15.0,36.14,3.72,35.15,0,35.15,0,35.15,0,35.25,0,35.40,13.3,35.50,19.0,35.64,5.25,35.75,65.28,35.89,990.0,
,37.21,880,37.35,18.0,37.35,3.69,36.25,0,36.25,0,36.25,0,36.39,0,36.51,12.9,36.67,20.0,36.79,5.02,36.94,61.61,37.07,980.0,
,38.45,840,38.59,20.3,38.59,4.14,37.49,0,37.49,0,37.49,0,37.66,0,37.78,12.5,37.94,20.0,38.08,4.47,38.20,51.56,38.32,980.0,
,39.69,760,39.81,18.0,39.81,3.08,38.72,0,38.72,0,38.72,0,38.86,0,39.00,12.9,39.14,20.0,39.28,4.69,39.42,50.51,39.54,980.0,
,40.81,720,40.93,19.5,40.93,3.17,39.94,0,39.94,0,39.94,0,40.06,0,40.19,12.5,40.31,20.0,40.44,4.87,40.56,48.67,40.69,980.0,
,41.95,720,42.09,20.3,42.09,3.25,41.06,0,41.06,0,41.06,0,41.18,0,41.31,12.5,41.43,21.0,41.56,4.76,41.70,49.08,41.82,980.0,
,43.17,760,43.26,20.3,43.26,3.28,42.21,0,42.21,0,42.21,0,42.35,0,42.50,12.5,42.67,21.0,42.76,4.79,42.91,51.00,43.01,980.0,
,44.40,720,44.52,20.3,44.52,3.33,43.42,0,43.42,0,43.42,0,43.54,0,43.69,12.5,43.82,21.0,43.96,4.77,44.10,48.96,44.24,980.0,
,45.58,720,45.70,20.3,45.70,3.33,44.68,0,44.68,0,44.68,0,44.81,0,44.94,12.5,45.07,21.0,45.19,4.77,45.33,49.72,45.45,980.0,
,46.70,720,46.82,21.1,46.82,3.39,45.83,0,45.83,0,45.83,0,45.95,0,46.08,12.5,46.20,21.0,46.33,4.78,46.45,50.21,46.57,980.0,
,47.89,760,48.02,21.1,48.02,3.42,46.95,0,46.95,0,46.95,0,47.08,0,47.20,12.5,47.32,21.0,47.46,4.74,47.60,49.35,47.74,980.0,
,49.18,760,49.31,20.3,49.31,3.36,48.20,0,48.20,0,48.20,0,48.34,0,48.47,12.5,48.62,21.0,48.76,4.76,48.93,50.86,49.05,980.0,
,50.42,720,50.53,20.3,50.53,3.36,49.44,0,49.44,0,49.44,0,49.59,0,49.72,12.5,49.87,21.0,50.00,4.77,50.13,49.72,50.26,980.0,
,51.56,760,51.69,20.3,51.69,3.36,50.68,0,50.68,0,50.68,0,50.82,0,50.94,12.5,51.06,21.0,51.19,4.76,51.31,50.60,51.44,980.0,
,52.77,720,52.93,20.3,52.93,3.33,51.81,0,51.81,0,51.81,0,51.93,0,52.07,12.5,52.21,21.0,52.35,4.79,52.49,49.23,52.63,980.0,
,54.02,760,54.18,21.1,54.18,3.56,53.04,0,53.04,0,53.04,0,53.18,0,53.32,12.5,53.46,21.0,53.60,4.75,53.74,50.02,53.88,980.0,
,55.21,1000,55.33,40.6,55.33,9.11,54.31,0,54.31,0,54.31,0,54.44,0,54.56,15.2,54.68,21.0,54.81,4.71,54.94,50.78,55.07,980.0,
,56.38,1240,56.52,45.1,56.52,13.00,55.46,0,55.46,0,55.46,0,55.58,0,55.71,16.4,55.83,21.0,55.96,4.74,56.10,56.47,56.24,990.0,
,57.59,1440,57.72,49.6,57.72,16.25,56.69,0,56.69,0,56.69,0,56.82,0,56.96,18.8,57.10,20.0,57.22,4.78,57.34,64.00,57.47,1010.0,
,58.71,1760,58.84,51.1,58.84,20.19,57.84,0,57.84,0,57.84,0,57.97,0,58.09,19.9,58.22,20.0,58.34,4.79,58.47,73.21,58.59,1040.0,
,59.94,1520,60.07,65.4,60.07,21.58,58.97,0,58.97,0,58.97,0,59.11,0,59.25,20.7,59.39,19.0,59.53,4.79,59.68,79.13,59.81,1080.0,
,61.19,1760,61.31,68.4,61.31,25.86,60.21,0,60.21,0,60.21,0,60.35,0,60.49,22.3,60.63,18.0,60.77,4.80,60.93,80.23,61.06,1110.0,
,62.34,1680,62.47,74.4,62.47,26.06,61.44,0,61.44,0,61.44,0,61.56,0,61.69,24.2,61.81,18.0,61.93,4.85,62.06,87.20,62.20,1160.0,
,63.57,1600,63.69,57.9,63.69,19.44,62.61,0,62.61,0,62.61,0,62.75,0,62.92,22.3,63.03,17.0,63.18,4.80,63.31,72.79,63.44,1130.0,
,64.72,1720,64.84,45.9,64.84,15.92,63.82,0,63.82,0,63.82,0,63.96,0,64.10,19.9,64.22,17.0,64.34,4.63,64.47,74.46,64.59,1090.0,
,65.94,1440,66.07,27.1,66.07,4.94,64.97,0,64.97,0,64.97,0,65.10,0,65.23,18.8,65.35,17.0,65.49,4.65,65.66,70.68,65.77,1060.0,
,67.17,1360,67.27,14.3,67.27,4.25,66.21,0,66.21,1,66.21,0,66.35,0,66.47,12.9,66.60,17.0,66.72,4.58,66.87,65.07,67.02,1000.0,
,68.31,1320,68.44,14.3,68.44,3.97,67.42,0,67.42,1,67.42,0,67.54,0,67.69,13.3,67.81,18.0,67.94,4.77,68.07,65.34,68.19,990.0,
,69.43,1280,69.57,14.3,69.57,4.53,68.56,0,68.56,1,68.56,0,68.69,0,68.81,13.3,68.93,18.0,69.06,4.95,69.18,65.58,69.31,990.0,
,70.71,1320,70.85,20.3,70.85,5.94,69.71,0,69.71,1,69.71,0,69.85,0,70.00,14.1,70.16,19.0,70.27,4.86,70.43,61.19,70.57,990.0,
,71.94,1320,72.07,20.3,72.07,6.03,71.00,0,71.00,1,71.00,0,71.15,0,71.26,14.1,71.42,19.0,71.53,4.66,71.68,57.30,71.82,990.0,
,73.08,1360,73.20,20.3,73.20,6.14,72.21,0,72.21,1,72.21,0,72.33,0,72.46,14.5,72.58,20.0,72.70,4.68,72.83,53.50,72.95,990.0,
,74.20,1320,74.32,14.3,74.32,4.19,73.33,0,73.33,1,73.33,0,73.45,0,73.58,13.3,73.70,20.0,73.82,4.68,73.95,50.34,74.07,980.0,
,75.34,1280,75.48,14.3,75.48,3.83,74.45,0,74.45,1,74.45,0,74.57,0,74.70,13.3,74.82,20.0,74.95,4.74,75.07,51.10,75.20,980.0,
,76.60,1480,76.72,14.3,76.72,4.61,75.62,0,75.62,1,75.62,0,75.76,0,75.92,12.9,76.04,20.0,76.19,4.84,76.32,51.42,76.46,990.0,
,77.71,1520,77.84,14.3,77.84,4.86,76.84,0,76.84,1,76.84,0,76.97,0,77.09,13.3,77.22,20.0,77.34,4.93,77.47,51.67,77.59,990.0,
,78.87,1400,79.01,14.3,79.01,4.33,77.96,0,77.96,1,77.96,0,78.09,0,78.21,13.7,78.34,20.0,78.46,5.00,78.59,51.88,78.73,990.0,
,80.12,1360,80.26,14.3,80.26,4.44,79.17,0,79.17,1,79.17,0,79.29,0,79.44,13.3,79.57,20.0,79.71,5.08,79.85,51.96,79.98,990.0,
,81.34,1200,81.47,14.3,81.47,3.67,80.42,0,80.42,1,80.42,0,80.54,0,80.68,12.9,80.82,20.0,80.96,5.15,81.09,50.70,81.22,990.0,
,82.51,1080,82.67,14.3,82.67,3.44,81.59,0,81.59,1,81.59,0,81.72,0,81.84,12.9,81.96,20.0,82.09,4.81,82.23,50.29,82.37,980.0,
,83.75,840,83.90,18.0,83.90,3.61,82.79,0,82.79,1,82.79,0,82.92,0,83.06,12.5,83.19,21.0,83.33,4.52,83.47,49.61,83.61,980.0,
,84.94,1120,85.07,36.8,85.07,11.28,84.00,0,84.00,1,84.00,0,84.15,0,84.25,12.5,84.42,21.0,84.53,4.68,84.68,48.38,84.82,980.0,
,86.10,1360,86.23,60.9,86.23,19.11,85.21,0,85.21,1,85.21,0,85.33,0,85.46,20.3,85.58,21.0,85.71,4.71,85.85,60.03,85.97,1000.0,
,87.32,1560,87.46,62.4,87.46,22.67,86.35,0,86.35,1,86.35,0,86.48,0,86.62,21.9,86.76,20.0,86.92,4.75,87.04,70.84,87.19,1050.0,
,88.57,1680,88.69,69.2,88.69,24.81,87.60,0,87.60,1,87.60,0,87.74,0,87.90,23.4,88.02,18.0,88.17,4.83,88.29,85.37,88.44,1110.0,
,89.73,1760,89.86,76.7,89.86,30.92,88.82,0,88.82,0,88.82,0,88.96,0,89.10,23.0,89.23,18.0,89.36,4.85,89.48,80.53,89.61,1140.0,
,90.86,1680,90.98,78.2,90.98,26.94,89.98,0,89.98,0,89.98,0,90.11,0,90.23,27.0,90.36,17.0,90.48,4.81,90.61,93.07,90.73,1210.0,
,92.01,1720,92.16,91.7,92.16,36.06,91.12,0,91.12,0,91.12,0,91.25,0,91.40,25.8,91.50,16.0,91.65,4.70,91.75,90.60,91.90,1190.0,
,93.27,2000,93.42,111.3,93.42,51.53,92.29,0,92.29,0,92.29,0,92.44,0,92.57,32.8,92.71,16.0,92.85,4.73,92.99,103.47,93.16,1300.0,
,94.50,2120,94.65,140.6,94.65,84.36,93.54,0,93.54,0,93.54,0,93.69,0,93.82,79.3,93.96,16.0,94.10,4.73,94.24,110.40,94.40,1580.0,
,95.72,2600,95.84,106.0,95.84,62.00,94.77,0,94.77,0,94.77,0,94.93,2,95.06,28.1,95.19,15.0,95.33,4.75,95.46,109.84,95.58,1490.0,
,96.85,2120,96.97,111.3,96.97,51.14,95.97,0,95.97,0,95.97,0,96.09,2,96.22,32.4,96.34,14.0,96.47,4.70,96.59,108.66,96.72,1470.0,
,97.97,2280,98.09,133.8,98.09,69.11,97.09,0,97.09,0,97.09,0,97.22,2,97.34,36.7,97.47,14.0,97.59,4.66,97.72,109.83,97.84,1500.0,
,99.20,2480,99.33,130.1,99.33,69.58,98.22,0,98.22,0,98.22,0,98.34,3,98.46,64.8,98.60,14.0,98.74,4.63,98.91,111.05,99.02,1640.0,
,100.36,2200,100.49,100.8,100.49,48.31,99.46,0,99.46,0,99.46,0,99.58,3,99.72,32.8,99.86,14.0,99.99,4.67,100.11,109.17,100.23,1480.0,
,101.57,2120,101.71,15.0,101.71,4.89,100.61,0,100.61,0,100.61,0,100.73,3,100.89,23.0,101.01,13.0,101.17,4.78,101.29,97.33,101.44,1130.0,
,102.77,2080,102.91,15.8,102.91,3.83,101.85,0,101.85,0,101.85,0,101.97,3,102.10,14.8,102.24,13.0,102.40,4.19,102.52,90.79,102.66,1010.0,
,103.93,2040,104.06,15.8,104.06,6.72,103.02,0,103.02,0,103.02,0,103.19,3,103.31,14.8,103.44,15.0,103.56,4.73,103.69,91.21,103.81,1010.0,
,105.08,1960,105.23,15.8,105.23,6.89,104.19,0,104.19,0,104.19,0,104.31,3,104.43,14.8,104.56,15.0,104.69,5.01,104.80,91.34,104.95,1010.0,
,106.35,1920,106.49,17.3,106.49,8.83,105.36,0,105.36,0,105.36,0,105.51,3,105.67,14.5,105.79,16.0,105.93,5.20,106.07,91.46,106.21,1000.0,
,107.51,1920,107.66,42.9,107.66,18.89,106.65,0,106.65,0,106.65,0,106.75,3,106.90,17.6,107.02,16.0,107.16,4.77,107.26,83.89,107.41,1000.0,
,108.73,1920,108.87,57.9,108.87,25.31,107.76,0,107.76,0,107.76,0,107.91,3,108.01,22.3,108.16,17.0,108.28,4.52,108.45,82.96,108.59,1060.0,
,109.95,1960,110.08,58.6,110.08,25.08,109.01,0,109.01,0,109.01,0,109.17,3,109.29,23.0,109.44,16.0,109.57,4.73,109.71,87.45,109.83,1110.0,
,111.08,2000,111.20,63.9,111.20,27.97,110.20,0,110.20,0,110.20,0,110.33,3,110.45,23.4,110.58,16.0,110.70,4.68,110.83,90.24,110.95,1130.0,
,112.24,2040,112.37,58.6,112.37,24.39,111.33,0,111.33,0,111.33,0,111.47,3,111.59,23.8,111.72,16.0,111.84,4.68,111.96,91.23,112.09,1150.0,
,113.48,2040,113.62,47.4,113.62,19.61,112.51,0,112.51,0,112.51,0,112.67,3,112.79,21.1,112.94,16.0,113.07,4.68,113.21,81.42,113.34,1120.0,
,114.69,2080,114.81,45.9,114.81,19.50,113.76,0,113.76,0,113.76,0,113.92,3,114.04,20.3,114.18,16.0,114.31,4.56,114.44,82.67,114.56,1090.0,
,115.88,2120,116.02,100.0,116.02,53.19,114.94,0,114.94,0,114.94,0,115.06,3,115.18,21.5,115.32,16.0,115.46,4.56,115.60,83.17,115.74,1080.0,
,117.11,3600,117.26,175.9,117.26,148.53,116.18,0,116.18,0,116.18,0,116.32,3,116.46,88.3,116.60,16.0,116.74,4.61,116.86,105.44,116.99,1900.0,
,118.27,3640,118.43,154.9,118.43,130.19,117.42,0,117.42,0,117.42,0,117.52,22,117.67,88.3,117.77,16.0,117.91,4.81,118.02,111.11,118.16,1930.0,
,119.56,3720,119.69,15.8,119.69,12.19,118.57,0,118.57,33,118.57,0,118.71,59,118.85,27.0,118.99,14.0,119.13,5.07,119.28,89.57,119.43,1150.0,
,120.68,3520,120.82,17.3,120.82,13.61,119.81,0,119.81,46,119.81,0,119.94,68,120.06,17.6,120.19,13.0,120.31,4.18,120.44,83.33,120.56,1030.0,
,121.87,2680,122.01,16.5,122.01,9.36,120.93,0,120.93,46,120.93,0,121.06,68,121.19,16.8,121.33,14.0,121.45,4.47,121.59,75.15,121.73,1020.0,
,123.11,2680,123.25,25.6,123.25,14.97,122.17,0,122.17,46,122.17,0,122.29,68,122.44,18.4,122.57,14.0,122.71,4.61,122.85,66.94,122.97,1010.0,
,124.32,2120,124.45,28.6,124.45,12.89,123.38,0,123.38,46,123.38,0,123.52,0,123.68,18.0,123.81,15.0,123.94,4.67,124.06,63.64,124.19,1020.0,
,125.47,2120,125.60,44.4,125.60,19.97,124.58,0,124.58,0,124.58,0,124.70,0,124.83,19.1,124.95,15.0,125.08,4.56,125.20,77.68,125.33,1030.0,
,126.66,2120,126.76,48.9,126.76,26.22,125.72,0,125.72,0,125.72,0,125.84,0,125.97,19.9,126.09,16.0,126.22,4.74,126.36,82.60,126.50,1050.0,
,127.88,2120,128.02,45.9,128.02,20.69,126.92,0,126.92,0,126.92,0,127.04,0,127.19,22.3,127.32,16.0,127.46,4.75,127.60,82.93,127.74,1080.0,
,129.13,2120,129.26,40.6,129.26,18.42,128.19,0,128.19,0,128.19,0,128.32,0,128.44,20.3,128.58,16.0,128.72,4.65,128.87,82.16,129.00,1080.0,
,130.31,2120,130.44,15.8,130.44,6.58,129.42,0,129.42,0,129.42,0,129.52,0,129.67,15.6,129.78,16.0,129.93,4.47,130.06,75.81,130.19,1020.0,
,131.53,2080,131.69,15.0,131.69,7.08,130.56,0,130.56,0,130.56,0,130.69,0,130.81,14.8,130.95,16.0,131.09,4.53,131.23,69.08,131.38,1000.0,
,132.81,2040,132.94,17.3,132.94,8.14,131.82,0,131.82,0,131.82,0,131.96,0,132.10,14.8,132.24,17.0,132.42,4.58,132.52,64.66,132.68,990.0,
,134.07,2040,134.21,48.9,134.21,22.25,133.09,0,133.09,0,133.09,0,133.23,0,133.37,15.2,133.51,17.0,133.67,4.57,133.79,66.13,133.94,1000.0,
,135.23,2040,135.36,45.9,135.36,20.31,134.35,0,134.35,0,134.35,0,134.49,0,134.61,21.1,134.74,17.0,134.86,4.77,134.99,80.73,135.11,1050.0,
,136.36,2040,136.48,43.6,136.48,19.25,135.48,0,135.48,0,135.48,0,135.61,0,135.73,20.3,135.86,17.0,135.98,4.70,136.11,81.51,136.23,1060.0,
,137.48,2080,137.61,46.6,137.61,20.58,136.61,0,136.61,0,136.61,0,136.73,0,136.86,20.7,136.98,16.0,137.10,4.64,137.23,81.67,137.36,1070.0,
,138.62,2080,138.76,39.1,138.76,15.61,137.73,0,137.73,0,137.73,0,137.86,0,137.98,21.5,138.11,16.0,138.23,4.65,138.36,88.34,138.48,1100.0,
,139.88,2120,140.02,44.4,140.02,19.61,138.92,0,138.92,0,138.92,0,139.04,0,139.20,19.1,139.33,16.0,139.48,4.48,139.61,81.82,139.74,1060.0,
,141.10,2120,141.22,73.7,141.22,37.53,140.18,0,140.18,0,140.18,0,140.30,0,140.45,19.9,140.58,16.0,140.71,4.60,140.83,84.44,140.97,1070.0,
,142.24,2200,142.36,105.3,142.36,51.67,141.35,0,141.35,0,141.35,0,141.48,0,141.61,34.0,141.73,16.0,141.86,4.73,141.98,105.10,142.11,1300.0,
,143.36,2240,143.48,91.0,143.48,43.33,142.48,0,142.48,0,142.48,0,142.61,0,142.73,33.6,142.86,15.0,142.98,4.71,143.11,106.20,143.23,1460.0,
,144.56,2320,144.71,79.7,144.71,39.06,143.61,0,143.61,0,143.61,0,143.73,0,143.86,26.2,144.00,14.0,144.13,4.64,144.28,105.31,144.44,1340.0,
,145.85,2360,145.97,30.8,145.97,11.69,144.85,0,144.85,0,144.85,0,144.99,0,145.13,23.4,145.27,13.0,145.44,4.63,145.55,93.84,145.71,1180.0,
,146.98,2360,147.10,23.3,147.10,11.19,146.11,0,146.11,0,146.11,0,146.23,0,146.36,18.4,146.48,14.0,146.61,4.34,146.73,82.80,146.85,1040.0,
,148.11,2320,148.23,27.1,148.23,12.14,147.23,0,147.23,0,147.23,0,147.36,0,147.48,16.8,147.61,15.0,147.73,4.39,147.86,75.15,147.98,1020.0,
,149.32,2320,149.47,33.1,149.47,16.14,148.36,0,148.36,0,148.36,0,148.48,0,148.62,17.6,148.76,15.0,148.90,4.59,149.04,67.92,149.20,1020.0,
,150.51,2320,150.64,39.1,150.64,20.17,149.59,0,149.59,0,149.59,0,149.73,0,149.86,18.0,150.00,16.0,150.13,4.61,150.25,71.32,150.37,1030.0,
,151.64,2320,151.78,39.1,151.78,18.72,150.77,0,150.77,0,150.77,0,150.89,0,151.02,20.3,151.14,16.0,151.27,4.66,151.39,82.69,151.51,1050.0,
,152.90,2320,153.04,33.8,153.04,16.08,151.94,0,151.94,0,151.94,0,152.06,0,152.22,19.5,152.35,16.0,152.49,4.65,152.63,78.17,152.77,1060.0,
,154.15,2320,154.29,27.1,154.29,12.61,153.20,0,153.20,0,153.20,0,153.32,0,153.46,18.4,153.59,16.0,153.73,4.53,153.87,70.56,154.01,1040.0,
,155.40,2280,155.53,19.5,155.53,8.25,154.45,0,154.45,0,154.45,0,154.57,0,154.72,16.4,154.85,16.0,154.99,4.45,155.13,61.19,155.27,1020.0,
,156.60,2280,156.74,27.8,156.74,12.69,155.68,0,155.68,0,155.68,0,155.79,0,155.95,16.4,156.07,17.0,156.21,4.55,156.35,58.88,156.47,1010.0,
,157.87,2240,157.99,25.6,157.99,11.33,156.88,0,156.88,0,156.88,0,157.02,0,157.20,17.2,157.30,17.0,157.45,4.61,157.58,61.16,157.73,1020.0,
,159.05,2200,159.23,15.8,159.23,7.50,158.12,0,158.12,0,158.12,0,158.24,0,158.37,14.5,158.50,17.0,158.63,4.53,158.77,54.68,158.94,1010.0,
,160.35,2160,160.49,15.0,160.49,7.14,159.37,0,159.37,0,159.37,0,159.51,0,159.65,14.8,159.79,17.0,159.94,4.68,160.07,53.64,160.22,1000.0,
,161.56,2080,161.71,15.8,161.71,7.03,160.63,0,160.63,0,160.63,0,160.78,0,160.92,14.8,161.04,17.0,161.17,4.90,161.29,53.80,161.42,1000.0,
,162.74,2040,162.87,15.0,162.87,6.44,161.81,0,161.81,0,161.81,0,161.96,0,162.06,14.8,162.21,17.0,162.31,5.01,162.46,53.62,162.57,1000.0,
,163.89,2080,164.01,42.1,164.01,19.06,163.01,0,163.01,0,163.01,0,163.13,0,163.26,20.7,163.39,17.0,163.52,4.72,163.64,64.21,163.77,1030.0,
,165.04,2080,165.19,36.8,165.19,15.50,164.14,0,164.14,0,164.14,0,164.26,0,164.39,19.5,164.52,16.0,164.64,4.67,164.77,77.00,164.90,1050.0,
,166.22,2080,166.34,23.3,166.34,9.97,165.31,0,165.31,0,165.31,0,165.44,0,165.57,17.6,165.71,16.0,165.83,4.46,165.97,69.75,166.09,1030.0,
,167.39,2040,167.52,15.0,167.52,5.36,166.47,0,166.47,0,166.47,0,166.61,0,166.73,18.0,166.87,16.0,167.00,4.53,167.13,66.36,167.26,1020.0,
,168.52,2000,168.64,15.8,168.64,6.81,167.64,0,167.64,0,167.64,0,167.77,0,167.89,14.8,168.02,16.0,168.14,4.47,168.27,61.64,168.39,1000.0,
,169.67,1960,169.80,16.5,169.80,6.83,168.77,0,168.77,0,168.77,0,168.90,0,169.04,14.8,169.17,17.0,169.30,4.56,169.42,56.60,169.55,1000.0,
,170.86,1960,170.99,18.8,170.99,7.50,169.96,0,169.96,0,169.96,0,170.08,0,170.21,15.2,170.33,17.0,170.46,4.58,170.59,52.17,170.73,990.0,
,172.03,1920,172.15,18.8,172.15,7.56,171.12,0,171.12,0,171.12,0,171.25,0,171.38,15.2,171.50,18.0,171.65,4.55,171.77,50.26,171.90,990.0,
,173.25,1920,173.38,33.1,173.38,13.19,172.29,0,172.29,0,172.29,0,172.43,0,172.57,16.8,172.72,18.0,172.84,4.58,172.97,59.33,173.10,1000.0,
,174.45,1920,174.58,30.8,174.58,11.67,173.51,0,173.51,0,173.51,0,173.65,0,173.79,17.2,173.92,18.0,174.05,4.65,174.19,66.00,174.33,1010.0,
,175.58,1920,175.70,28.6,175.70,11.22,174.70,0,174.70,0,174.70,0,174.83,0,174.95,16.4,175.08,18.0,175.20,4.60,175.32,61.13,175.45,1010.0,
,176.80,1920,176.94,30.1,176.94,11.81,175.82,0,175.82,0,175.82,0,175.96,0,176.11,16.8,176.27,18.0,176.40,4.60,176.53,63.92,176.67,1010.0,
,178.03,1880,178.16,24.8,178.16,9.36,177.09,0,177.09,0,177.09,0,177.26,0,177.36,16.8,177.51,18.0,177.64,4.57,177.77,60.76,177.91,1010.0,
,179.26,1880,179.39,42.9,179.39,17.53,178.29,0,178.29,0,178.29,0,178.42,0,178.55,15.6,178.69,18.0,178.83,4.54,179.00,54.90,179.11,1000.0,
,180.42,1880,180.56,30.8,180.56,9.25,179.51,0,179.51,0,179.52,0,179.64,0,179.77,19.1,179.89,18.0,180.02,4.67,180.15,70.68,180.29,1030.0,
,181.69,1840,181.84,36.8,181.84,14.44,180.70,0,180.70,0,180.70,0,180.84,0,181.00,16.0,181.12,18.0,181.27,4.49,181.42,64.49,181.56,1010.0,
,182.94,1840,183.08,21.8,183.08,7.33,182.00,0,182.00,0,182.00,0,182.11,0,182.26,15.2,182.39,18.0,182.52,4.63,182.66,66.44,182.80,1010.0,
,184.16,1840,184.28,33.1,184.28,13.78,183.25,0,183.25,0,183.25,0,183.36,0,183.51,15.2,183.65,18.0,183.78,4.56,183.90,59.67,184.03,1000.0,
,185.31,1840,185.45,38.3,185.45,14.28,184.40,0,184.40,0,184.40,0,184.53,0,184.66,17.2,184.79,18.0,184.92,4.66,185.04,69.04,185.18,1020.0,
,186.57,2960,186.71,39.1,186.71,26.69,185.59,0,185.59,0,185.59,0,185.75,0,185.87,27.3,186.02,18.0,186.15,4.62,186.29,84.03,186.43,1070.0,
,187.85,3120,188.02,56.4,188.02,37.50,186.85,0,186.85,0,186.85,0,187.01,0,187.15,29.3,187.29,16.0,187.43,4.66,187.57,106.94,187.71,1290.0,
,189.08,3280,189.21,83.5,189.21,60.06,188.15,0,188.15,0,188.15,0,188.29,0,188.41,29.3,188.54,15.0,188.68,4.71,188.82,109.57,188.96,1420.0,
,190.26,3440,190.39,82.0,190.39,59.08,189.35,0,189.35,0,189.35,0,189.51,0,189.64,28.9,189.77,13.0,189.89,4.66,190.01,109.58,190.14,1410.0,
,191.40,3600,191.54,80.5,191.54,61.81,190.51,0,190.51,0,190.51,0,190.64,0,190.77,28.5,190.89,12.0,191.01,4.61,191.14,109.90,191.26,1410.0,
,192.68,3720,192.82,57.9,192.82,39.67,191.69,0,191.69,0,191.69,0,191.82,0,191.96,29.3,192.11,11.0,192.26,4.57,192.40,109.25,192.54,1400.0,
,193.95,3720,194.08,20.3,194.08,14.50,192.96,0,192.96,0,192.96,0,193.10,0,193.27,22.3,193.40,11.0,193.54,4.56,193.68,94.90,193.82,1130.0,
,195.12,3640,195.25,24.8,195.25,17.78,194.21,0,194.21,0,194.21,0,194.33,0,194.45,20.7,194.58,12.0,194.75,4.33,194.86,81.56,195.00,1060.0,
,196.27,3600,196.39,24.1,196.39,17.28,195.38,0,195.38,0,195.38,0,195.51,0,195.64,18.8,195.76,12.0,195.89,4.41,196.01,71.09,196.14,1060.0,
,197.45,3560,197.59,36.1,197.59,28.94,196.51,0,196.51,0,196.51,0,196.64,0,196.76,19.9,196.89,13.0,197.02,4.49,197.17,64.47,197.31,1060.0,
,198.66,3520,198.80,32.3,198.80,24.50,197.75,0,197.75,0,197.75,0,197.86,0,198.02,21.5,198.14,13.0,198.27,4.68,198.41,78.30,198.53,1110.0,
,199.82,3520,199.99,29.3,199.99,20.58,198.94,0,198.94,0,198.94,0,199.06,0,199.18,19.5,199.31,13.0,199.43,4.67,199.56,66.48,199.70,1090.0,
,201.10,3440,201.26,69.9,201.26,60.25,200.11,0,200.11,0,200.11,0,200.26,0,200.39,19.9,200.54,13.0,200.68,4.56,200.82,63.10,200.98,1070.0,
,202.34,3680,202.49,99.2,202.49,75.25,201.40,0,201.40,0,201.40,0,201.54,0,201.68,43.8,201.82,13.0,201.98,4.49,202.09,84.62,202.24,1590.0,
,203.49,3840,203.59,57.1,203.59,33.56,202.60,0,202.60,0,202.60,0,202.76,0,202.84,32.4,202.98,12.0,203.09,4.69,203.24,107.45,203.34,1430.0,
,204.77,3760,204.91,16.5,204.91,12.14,203.76,0,203.76,0,203.76,0,203.90,0,204.04,20.3,204.18,11.0,204.32,4.67,204.46,96.40,204.60,1100.0,
,205.96,2840,206.08,17.3,206.08,9.61,205.05,0,205.05,0,205.05,0,205.19,0,205.32,16.8,205.44,11.0,205.57,4.33,205.71,94.84,205.83,1030.0,
,207.15,2640,207.28,15.8,207.28,8.81,206.20,0,206.20,0,206.20,0,206.33,0,206.46,16.0,206.59,12.0,206.75,4.72,206.85,95.09,207.01,1020.0,
,208.41,3440,208.54,16.5,208.54,12.44,207.42,0,207.42,0,207.42,0,207.56,0,207.70,19.5,207.83,13.0,208.00,4.64,208.11,81.94,208.28,1030.0,
,209.60,3280,209.76,16.5,209.76,12.86,208.68,0,208.68,0,208.68,0,208.83,0,208.96,17.2,209.08,12.0,209.20,4.18,209.32,80.47,209.46,1020.0,
,210.85,3160,211.01,17.3,211.01,11.75,209.88,0,209.88,0,209.88,0,210.03,0,210.16,16.8,210.30,13.0,210.43,4.22,210.57,80.71,210.71,1030.0,
,212.09,3120,212.24,34.6,212.24,23.78,211.13,0,211.13,0,211.13,0,211.28,0,211.41,20.7,211.55,13.0,211.69,4.34,211.85,74.92,211.99,1040.0,
,213.24,3160,213.34,54.1,213.34,37.22,212.34,0,212.34,0,212.34,0,212.49,0,212.59,23.4,212.74,13.0,212.84,4.61,212.98,97.89,213.10,1140.0,
,214.37,3200,214.53,60.2,214.53,43.31,213.49,0,213.49,0,213.49,0,213.59,0,213.73,23.8,213.86,13.0,214.00,4.64,214.11,107.53,214.25,1250.0,
,215.59,3240,215.72,52.6,215.72,36.28,214.65,0,214.65,0,214.65,0,214.80,0,214.93,23.0,215.07,12.0,215.21,4.60,215.35,105.53,215.47,1260.0,
,216.75,3240,216.85,48.1,216.85,31.69,215.86,0,215.86,0,215.86,0,216.00,0,216.10,23.0,216.25,12.0,216.36,4.55,216.51,105.03,216.61,1250.0,
,217.93,3240,218.06,45.9,218.06,31.56,217.00,0,217.00,0,217.00,0,217.10,0,217.25,22.3,217.37,12.0,217.53,4.52,217.65,96.21,217.80,1210.0,
,219.18,3280,219.32,54.1,219.32,37.14,218.20,0,218.20,0,218.20,0,218.34,0,218.48,25.8,218.62,12.0,218.78,4.51,218.89,110.43,219.04,1330.0,
,220.37,3280,220.52,49.6,220.52,34.78,219.46,0,219.46,0,219.46,0,219.60,0,219.76,23.0,219.88,12.0,220.02,4.51,220.13,104.32,220.27,1250.0,
,221.53,3280,221.62,48.1,221.62,34.17,220.63,0,220.63,0,220.63,0,220.77,0,220.87,23.0,221.02,12.0,221.12,4.51,221.27,101.73,221.38,1230.0,
,222.72,3280,222.87,45.1,222.87,30.53,221.77,0,221.77,0,221.77,0,221.89,0,222.04,22.7,222.17,12.0,222.31,4.52,222.45,97.87,222.59,1210.0,
,223.96,2520,224.10,45.9,224.10,24.06,223.02,0,223.02,0,223.02,0,223.15,0,223.28,21.5,223.40,12.0,223.55,4.59,223.68,89.72,223.82,1160.0,
,225.22,2400,225.36,18.0,225.36,7.61,224.26,0,224.26,0,224.26,0,224.38,0,224.54,21.5,224.67,12.0,224.80,4.54,224.94,86.94,225.08,1070.0,
,226.44,1920,226.56,23.3,226.56,9.94,225.52,0,225.52,0,225.52,0,225.63,0,225.78,16.4,225.91,13.0,226.04,4.09,226.18,78.29,226.32,1010.0,
,227.59,1920,227.72,48.1,227.72,20.94,226.69,0,226.69,0,226.69,0,226.81,0,226.94,18.0,227.07,14.0,227.21,4.44,227.35,77.95,227.47,1020.0,
,228.79,1960,228.93,36.8,228.93,13.44,227.84,0,227.84,0,227.84,0,227.96,0,228.09,20.7,228.21,14.0,228.35,4.64,228.51,77.97,228.63,1050.0,
,230.04,1960,230.17,35.3,230.17,15.31,229.07,0,229.07,0,229.07,0,229.19,0,229.33,18.0,229.48,14.0,229.62,4.44,229.78,70.56,229.90,1030.0,
,231.17,1960,231.29,41.4,231.29,17.14,230.30,0,230.30,0,230.30,0,230.42,0,230.55,18.4,230.67,14.0,230.80,4.45,230.93,77.96,231.05,1030.0,
,232.33,1960,232.47,42.1,232.47,16.94,231.42,0,231.42,0,231.42,0,231.55,0,231.67,19.1,231.79,15.0,231.92,4.59,232.06,79.63,232.19,1050.0,
,233.51,1960,233.61,42.9,233.61,18.36,232.60,0,232.60,0,232.60,0,232.72,0,232.86,19.1,233.01,15.0,233.11,4.48,233.26,80.17,233.36,1050.0,
,234.68,1960,234.82,45.9,234.82,19.03,233.76,0,233.76,0,233.76,0,233.86,0,234.00,19.5,234.11,15.0,234.27,4.52,234.38,79.58,234.55,1060.0,
,235.84,1960,235.96,49.6,235.96,19.81,234.96,0,234.96,0,234.96,0,235.08,0,235.20,20.3,235.33,15.0,235.46,4.60,235.59,80.53,235.72,1070.0,
,237.05,1920,237.17,60.2,237.17,24.72,236.09,0,236.09,0,236.09,0,236.23,0,236.37,22.7,236.53,15.0,236.65,4.61,236.79,85.61,236.92,1100.0,
,238.17,1920,238.30,59.4,238.30,23.75,237.29,0,237.29,0,237.29,0,237.42,0,237.55,22.7,237.67,14.0,237.79,4.63,237.92,84.88,238.04,1120.0,
,239.43,1920,239.57,60.2,239.57,24.11,238.44,0,238.44,0,238.44,0,238.57,0,238.71,22.3,238.85,14.0,238.99,4.59,239.13,83.46,239.30,1120.0,
,240.68,1880,240.80,59.4,240.80,23.33,239.71,0,239.71,0,239.71,0,239.85,0,240.01,22.3,240.11,14.0,240.26,4.54,240.38,83.77,240.55,1120.0,
,241.84,1880,241.98,59.4,241.98,23.47,240.94,0,240.94,0,240.94,0,241.08,0,241.21,22.3,241.33,14.0,241.46,4.49,241.59,83.24,241.71,1120.0,
,243.01,1880,243.13,61.7,243.13,23.81,242.11,0,242.11,0,242.11,0,242.24,0,242.37,22.3,242.51,14.0,242.62,4.50,242.76,84.52,242.88,1120.0,
,244.22,1880,244.36,64.7,244.36,25.42,243.26,0,243.26,0,243.26,0,243.39,0,243.53,22.7,243.66,14.0,243.81,4.50,243.95,85.03,244.09,1130.0,
,245.44,1840,245.58,66.9,245.58,26.92,244.49,0,244.49,0,244.49,0,244.63,0,244.79,23.8,244.92,14.0,245.05,4.49,245.17,85.98,245.30,1150.0,
,246.61,1880,246.73,65.4,246.73,25.47,245.72,0,245.72,0,245.72,0,245.85,0,245.97,23.4,246.11,13.0,246.23,4.50,246.36,85.98,246.48,1150.0,
,247.77,1840,247.88,65.4,247.88,25.61,246.86,0,246.86,0,246.86,0,246.99,0,247.12,23.0,247.27,13.0,247.38,4.50,247.52,85.84,247.63,1150.0,
,248.96,1840,249.09,64.7,249.09,25.50,248.03,0,248.03,0,248.03,0,248.14,0,248.28,23.4,248.40,13.0,248.55,4.51,248.68,85.26,248.82,1150.0,
,250.12,1840,250.27,61.7,250.27,23.92,249.22,0,249.22,0,249.22,0,249.36,0,249.48,22.7,249.61,13.0,249.73,4.49,249.86,83.44,250.02,1140.0,
,251.30,1840,251.43,55.6,251.43,21.17,250.38,0,250.38,0,250.38,0,250.52,0,250.63,21.9,250.77,13.0,250.87,4.49,251.03,79.09,251.14,1120.0,
,252.57,1840,252.71,45.9,252.71,17.06,251.57,0,251.57,0,251.57,0,251.71,0,251.85,19.1,252.01,13.0,252.13,4.30,252.30,77.35,252.43,1080.0,
,253.83,1840,253.97,43.6,253.97,16.33,252.85,0,252.85,0,252.85,0,253.02,0,253.13,19.1,253.29,14.0,253.42,4.35,253.55,76.87,253.69,1060.0,
,254.97,1800,255.09,15.0,255.09,5.11,254.09,0,254.09,0,254.09,0,254.22,0,254.34,14.5,254.47,14.0,254.59,4.44,254.72,74.13,254.85,1020.0,
,256.23,1720,256.37,15.0,256.37,2.86,255.21,0,255.21,0,255.21,0,255.36,0,255.50,14.1,255.64,14.0,255.80,4.42,255.93,70.46,256.09,990.0,
,257.53,1680,257.64,25.6,257.64,10.08,256.53,0,256.53,0,256.53,0,256.65,0,256.80,14.1,256.93,15.0,257.09,4.72,257.23,70.22,257.36,990.0,
,258.71,1680,258.83,27.8,258.83,9.97,257.79,0,257.79,0,257.79,0,257.92,0,258.06,16.0,258.19,15.0,258.33,4.36,258.46,63.42,258.58,990.0,
,259.84,1640,259.97,28.6,259.97,10.42,258.96,0,258.96,0,258.96,0,259.09,0,259.22,16.4,259.35,15.0,259.47,4.53,259.59,58.26,259.72,990.0,
,261.03,1640,261.15,26.3,261.15,9.61,260.10,0,260.10,0,260.10,0,260.21,0,260.34,16.4,260.46,15.0,260.60,4.51,260.75,55.54,260.87,1000.0,
,262.30,1640,262.43,26.3,262.43,9.50,261.29,0,261.29,0,261.29,0,261.43,0,261.57,16.0,261.71,15.0,261.85,4.47,261.99,54.68,262.13,1000.0,
,263.53,1640,263.64,24.1,263.64,7.97,262.55,0,262.55,0,262.55,0,262.69,0,262.83,16.0,262.96,16.0,263.09,4.49,263.22,54.03,263.37,1000.0,
,264.73,1600,264.86,14.3,264.86,5.22,263.79,0,263.79,0,263.79,0,263.93,0,264.07,13.7,264.21,16.0,264.35,4.50,264.49,50.45,264.61,990.0,
,265.87,1560,266.02,15.0,266.02,5.22,264.98,0,264.98,0,264.98,0,265.12,0,265.27,13.7,265.37,16.0,265.52,4.50,265.62,50.92,265.77,990.0,
,267.07,1520,267.21,14.3,267.21,4.78,266.14,0,266.14,0,266.14,0,266.28,0,266.40,13.7,266.53,16.0,266.65,4.65,266.80,51.17,266.93,990.0,
,268.30,1480,268.43,14.3,268.43,4.72,267.35,0,267.35,0,267.35,0,267.49,0,267.63,13.3,267.78,16.0,267.90,4.74,268.05,51.19,268.17,980.0,
,269.55,1440,269.69,14.3,269.69,4.31,268.57,0,268.57,0,268.57,0,268.71,0,268.85,13.3,268.99,16.0,269.13,4.82,269.29,51.20,269.42,980.0,
,270.73,1400,270.87,14.3,270.87,4.31,269.81,0,269.81,0,269.81,0,269.93,0,270.06,13.3,270.18,17.0,270.31,4.87,270.45,51.24,270.59,980.0,
,271.94,1320,272.07,14.3,272.07,4.36,271.03,0,271.03,0,271.03,0,271.15,0,271.29,13.3,271.43,17.0,271.56,4.93,271.69,51.23,271.81,980.0,
,273.09,1280,273.22,14.3,273.22,4.19,272.19,0,272.19,0,272.19,0,272.32,0,272.46,12.9,272.58,17.0,272.71,4.96,272.84,51.17,272.97,980.0,
,274.28,1400,274.40,13.5,274.40,4.31,273.34,0,273.34,0,273.34,0,273.47,0,273.59,12.9,273.71,17.0,273.84,5.00,273.98,51.17,274.12,980.0,
,275.52,1400,275.62,14.3,275.62,4.25,274.56,0,274.56,0,274.56,0,274.69,0,274.83,13.3,274.97,17.0,275.11,5.04,275.28,51.01,275.37,980.0,
,276.63,1520,276.77,13.5,276.77,4.69,275.77,0,275.77,0,275.77,0,275.87,0,276.03,13.3,276.13,17.0,276.27,5.08,276.38,50.92,276.52,980.0,
,277.79,1640,277.91,15.0,277.91,5.39,276.87,0,276.87,0,276.87,0,277.02,0,277.12,14.1,277.27,17.0,277.37,5.11,277.52,50.90,277.63,980.0,
,279.06,1440,279.20,14.3,279.20,4.58,278.06,0,278.06,0,278.06,0,278.21,0,278.35,13.7,278.49,17.0,278.63,5.15,278.79,50.74,278.91,990.0,
,280.28,1680,280.38,15.0,280.38,5.67,279.34,0,279.34,0,279.34,0,279.48,0,279.62,13.7,279.77,17.0,279.88,5.19,280.02,50.68,280.12,990.0,
,281.47,1440,281.59,14.3,281.59,4.86,280.53,0,280.53,0,280.53,0,280.64,0,280.81,13.7,280.94,17.0,281.08,5.22,281.22,50.65,281.34,990.0,
,282.60,1400,282.74,14.3,282.74,4.39,281.72,0,281.72,0,281.72,0,281.84,0,281.97,13.3,282.09,17.0,282.23,5.25,282.36,50.49,282.48,980.0,
,283.86,1360,284.03,15.0,284.03,4.72,282.88,0,282.88,0,282.88,0,283.04,0,283.17,13.3,283.31,17.0,283.45,5.27,283.59,50.44,283.72,980.0,
,285.07,1080,285.20,15.0,285.20,3.47,284.15,0,284.15,0,284.15,0,284.31,0,284.44,12.9,284.57,17.0,284.70,5.28,284.83,49.52,284.95,980.0,
,286.31,880,286.44,18.0,286.44,3.64,285.34,0,285.34,0,285.34,0,285.48,0,285.62,12.5,285.78,17.0,285.90,4.71,286.06,50.14,286.19,980.0,
,287.43,880,287.56,18.0,287.56,3.47,286.57,0,286.57,0,286.57,0,286.69,0,286.81,12.5,286.93,18.0,287.06,4.05,287.18,49.97,287.31,970.0,
,288.56,880,288.68,19.5,288.68,3.75,287.69,0,287.69,0,287.69,0,287.81,0,287.93,12.9,288.06,18.0,288.18,4.55,288.31,49.34,288.43,970.0,
,289.74,720,289.88,19.5,289.88,3.31,288.81,0,288.81,0,288.81,0,288.94,0,289.06,12.1,289.20,18.0,289.32,4.55,289.46,50.53,289.60,970.0,
,290.99,720,291.13,19.5,291.13,3.25,290.05,0,290.05,0,290.05,0,290.16,0,290.31,12.5,290.45,18.0,290.58,4.57,290.72,49.64,290.85,970.0,
,292.24,720,292.38,21.8,292.38,3.58,291.30,0,291.30,0,291.30,0,291.41,0,291.56,12.5,291.69,18.0,291.83,4.66,291.98,49.46,292.11,970.0,
,293.46,720,293.60,20.3,293.60,3.33,292.53,0,292.53,0,292.53,0,292.65,0,292.81,12.5,292.94,18.0,293.07,4.52,293.19,50.50,293.32,970.0,
,294.59,720,294.72,20.3,294.72,3.31,293.72,0,293.72,0,293.72,0,293.85,0,293.97,12.5,294.09,18.0,294.22,4.50,294.34,50.29,294.47,970.0,
,295.80,720,295.90,30.8,295.90,5.08,294.84,0,294.84,0,294.84,0,294.96,0,295.09,12.9,295.23,18.0,295.35,4.64,295.49,48.49,295.63,970.0,
,297.06,920,297.20,27.8,297.20,5.81,296.06,0,296.06,0,296.06,0,296.20,0,296.34,14.8,296.48,18.0,296.62,4.48,296.76,48.53,296.90,970.0,
,298.30,1080,298.41,38.3,298.41,9.31,297.34,0,297.34,0,297.34,0,297.47,0,297.60,15.6,297.74,18.0,297.88,4.58,298.04,50.62,298.14,980.0,
,299.47,1400,299.61,41.4,299.61,12.28,298.56,0,298.56,0,298.56,0,298.69,0,298.83,16.4,298.96,18.0,299.10,4.59,299.22,59.30,299.34,990.0,
,300.62,1280,300.76,43.6,300.76,12.64,299.73,0,299.73,0,299.73,0,299.86,0,299.98,17.2,300.11,17.0,300.23,4.64,300.36,58.12,300.48,1010.0,
,301.83,1640,301.95,43.6,301.95,15.42,300.90,0,300.90,0,300.90,0,301.07,0,301.19,18.4,301.33,17.0,301.45,4.58,301.58,69.41,301.70,1020.0,
,303.01,1880,303.14,42.1,303.14,15.97,302.08,0,302.08,0,302.08,0,302.20,0,302.32,18.4,302.45,16.0,302.59,4.64,302.73,70.96,302.87,1030.0,
,304.26,1520,304.40,54.1,304.40,18.28,303.26,0,303.26,0,303.26,0,303.40,0,303.56,18.0,303.70,16.0,303.84,4.52,303.98,70.89,304.12,1030.0,
,305.47,1760,305.60,57.1,305.60,21.83,304.57,0,304.57,0,304.57,0,304.68,0,304.82,21.1,304.96,16.0,305.08,4.61,305.21,76.07,305.35,1070.0,
,306.61,1680,306.73,60.2,306.73,20.28,305.72,0,305.72,0,305.72,0,305.84,0,305.97,21.9,306.10,15.0,306.22,4.70,306.36,83.08,306.48,1110.0,
,307.83,1600,307.96,58.6,307.96,19.19,306.87,0,306.87,0,306.87,0,307.01,0,307.15,20.7,307.33,15.0,307.43,4.63,307.55,71.62,307.68,1090.0,
,309.10,1680,309.23,16.5,309.23,3.69,308.10,0,308.10,0,308.10,0,308.25,0,308.38,19.9,308.55,15.0,308.66,4.56,308.83,70.43,308.96,1070.0,
,310.29,1240,310.39,14.3,310.39,3.78,309.37,0,309.37,0,309.37,0,309.50,0,309.63,12.9,309.76,15.0,309.89,4.32,310.04,67.12,310.14,1000.0,
,311.39,1200,311.53,14.3,311.53,4.08,310.54,0,310.54,0,310.54,0,310.64,0,310.79,12.9,310.89,15.0,311.04,4.60,311.14,66.92,311.29,990.0,
,312.58,1400,312.72,13.5,312.72,4.69,311.64,0,311.64,0,311.64,0,311.78,0,311.89,12.9,312.04,16.0,312.15,4.73,312.31,67.05,312.43,980.0,
,313.85,1520,313.99,13.5,313.99,4.92,312.85,0,312.85,0,312.85,0,313.00,0,313.14,13.3,313.30,16.0,313.42,4.83,313.58,67.16,313.71,980.0,
,315.04,1560,315.14,15.0,315.14,5.14,314.13,0,314.13,0,314.13,0,314.26,0,314.39,13.7,314.54,16.0,314.64,4.90,314.79,67.18,314.89,980.0,
,316.14,1400,316.29,14.3,316.29,4.67,315.29,0,315.29,0,315.29,0,315.39,0,315.54,13.3,315.64,17.0,315.79,4.96,315.89,67.25,316.04,980.0,
,317.31,1240,317.41,15.0,317.41,4.11,316.40,0,316.40,0,316.40,0,316.55,0,316.65,13.3,316.80,17.0,316.91,5.00,317.06,67.16,317.16,980.0,
,318.43,1120,318.57,14.3,318.57,3.39,317.55,0,317.55,0,317.55,0,317.65,0,317.80,12.9,317.90,17.0,318.05,5.00,318.16,64.11,318.31,980.0,
,319.70,1040,319.82,14.3,319.82,3.44,318.71,0,318.71,0,318.71,0,318.85,0,318.99,12.5,319.13,17.0,319.29,4.40,319.42,61.98,319.57,980.0,
,320.94,1000,321.08,14.3,321.08,2.83,319.95,0,319.95,0,319.95,0,320.09,0,320.23,12.5,320.37,18.0,320.51,4.54,320.65,59.54,320.82,980.0,
,322.18,960,322.32,15.0,322.32,3.08,321.21,0,321.21,0,321.21,0,321.35,0,321.49,12.5,321.62,18.0,321.76,4.49,321.90,54.18,322.06,970.0,
,323.34,960,323.47,19.5,323.47,4.97,322.46,0,322.46,0,322.46,0,322.60,0,322.72,12.5,322.84,18.0,322.97,4.54,323.09,49.64,323.22,970.0,
,324.51,1040,324.65,21.1,324.65,5.00,323.59,0,323.59,0,323.59,0,323.71,0,323.84,13.7,323.98,18.0,324.10,4.62,324.23,50.38,324.37,970.0,
,325.79,1160,325.90,21.1,325.90,5.64,324.81,0,324.81,0,324.81,0,324.93,0,325.08,13.7,325.21,18.0,325.35,4.56,325.49,49.90,325.64,970.0,
,326.90,1360,327.07,28.6,327.07,8.61,326.05,0,326.05,0,326.05,0,326.16,0,326.30,15.2,326.40,18.0,326.55,4.55,326.65,52.37,326.80,980.0,
,328.12,1560,328.25,28.6,328.25,9.97,327.21,0,327.21,0,327.21,0,327.35,0,327.49,15.6,327.61,18.0,327.75,4.61,327.88,55.34,328.00,980.0,
,329.24,1760,329.38,24.8,329.38,8.83,328.37,0,328.37,0,328.37,0,328.50,0,328.62,16.8,328.75,18.0,328.87,4.64,329.00,55.75,329.12,990.0,
,330.54,1320,330.66,21.1,330.66,4.89,329.55,0,329.55,0,329.55,0,329.66,0,329.83,15.2,329.97,17.0,330.10,4.60,330.24,51.17,330.38,990.0,
,331.74,1280,331.88,15.0,331.88,3.89,330.81,0,330.81,0,330.81,0,330.93,0,331.07,13.7,331.21,17.0,331.33,4.54,331.46,49.90,331.60,980.0,
,332.90,1240,333.05,18.8,333.05,5.31,332.00,0,332.00,0,332.00,0,332.12,0,332.25,12.9,332.37,17.0,332.50,4.59,332.62,49.71,332.76,980.0,
,334.13,1200,334.27,19.5,334.27,5.44,333.15,0,333.15,0,333.15,0,333.30,0,333.42,14.1,333.58,18.0,333.71,4.64,333.86,50.05,333.99,980.0,
,335.35,1200,335.49,27.1,335.49,7.61,334.39,0,334.39,0,334.39,0,334.56,0,334.67,14.5,334.82,18.0,334.96,4.61,335.10,50.78,335.22,980.0,
,336.51,1240,336.65,33.1,336.65,9.03,335.63,0,335.63,0,335.63,0,335.76,0,335.89,16.0,336.01,18.0,336.14,4.58,336.26,54.61,336.39,980.0,
,337.77,1360,337.92,31.6,337.92,9.17,336.81,0,336.81,0,336.81,0,336.93,0,337.10,16.0,337.21,18.0,337.35,4.62,337.50,55.17,337.63,990.0,
,339.00,1400,339.13,19.5,339.13,5.39,338.07,0,338.07,0,338.07,0,338.21,0,338.35,15.2,338.48,17.0,338.61,4.61,338.75,52.68,338.88,990.0,
,340.16,1360,340.32,18.0,340.32,5.28,339.25,0,339.25,0,339.25,0,339.38,0,339.52,13.3,339.64,17.0,339.77,4.56,339.89,48.99,340.02,980.0,
,341.34,1360,341.46,18.0,341.46,5.39,340.46,0,340.46,0,340.46,0,340.58,0,340.71,14.1,340.83,17.0,340.95,4.57,341.08,50.00,341.22,980.0,
,342.56,1360,342.68,21.1,342.68,6.17,341.59,0,341.59,0,341.59,0,341.71,0,341.84,14.1,341.98,18.0,342.12,4.62,342.26,50.21,342.40,980.0,
,343.83,1400,343.96,19.5,343.96,6.00,342.83,0,342.83,0,342.83,0,342.96,0,343.10,14.5,343.25,18.0,343.39,4.60,343.53,50.17,343.66,980.0,
,345.07,1520,345.20,22.6,345.20,7.44,344.10,0,344.10,0,344.10,0,344.24,0,344.38,14.8,344.53,18.0,344.66,4.61,344.81,49.95,344.91,980.0,
,346.25,1560,346.37,21.1,346.37,7.31,345.33,0,345.33,0,345.33,0,345.45,0,345.58,15.2,345.71,18.0,345.83,4.64,345.97,50.21,346.11,980.0,
,347.39,1520,347.52,15.0,347.52,5.06,346.51,0,346.51,0,346.51,0,346.64,0,346.76,14.5,346.89,18.0,347.02,4.61,347.14,51.80,347.27,980.0,
,348.51,1400,348.65,14.3,348.65,4.69,347.64,0,347.64,0,347.64,0,347.77,0,347.89,13.7,348.01,18.0,348.14,4.60,348.26,50.53,348.39,980.0,
,349.77,1200,349.91,14.3,349.91,3.50,348.81,0,348.81,0,348.81,0,348.93,0,349.07,12.9,349.21,18.0,349.35,4.76,349.49,50.46,349.63,980.0,
,351.06,1200,351.16,14.3,351.16,3.67,350.07,0,350.07,0,350.07,0,350.21,0,350.33,12.9,350.47,18.0,350.62,4.49,350.75,49.95,350.90,980.0,
,352.23,1200,352.36,14.3,352.36,3.81,351.30,0,351.30,0,351.30,0,351.41,0,351.56,12.9,351.68,18.0,351.82,4.57,351.96,49.84,352.10,980.0,
,353.35,1120,353.48,14.3,353.48,3.72,352.48,0,352.48,0,352.48,0,352.61,0,352.73,12.9,352.85,18.0,352.98,4.60,353.10,50.03,353.23,970.0,
,354.54,1040,354.65,14.3,354.65,3.36,353.61,0,353.61,0,353.61,0,353.74,0,353.86,12.5,353.99,18.0,354.13,4.61,354.30,49.93,354.40,970.0,
,355.69,880,355.82,18.8,355.82,3.67,354.79,0,354.79,0,354.79,0,354.90,0,355.04,12.5,355.16,18.0,355.30,4.63,355.41,49.64,355.56,970.0,
,356.83,1280,356.97,51.9,356.97,15.56,355.95,0,355.95,0,355.95,0,356.08,0,356.20,16.0,356.33,19.0,356.45,4.56,356.58,52.61,356.70,970.0,
,358.04,1400,358.15,54.1,358.15,16.92,357.10,0,357.10,0,357.10,0,357.24,0,357.38,20.3,357.55,18.0,357.65,4.68,357.78,64.16,357.90,1020.0,
,359.16,1640,359.30,55.6,359.30,19.64,358.29,0,358.29,0,358.29,0,358.40,0,358.54,20.3,358.65,17.0,358.79,4.65,358.90,70.36,359.04,1050.0,
,360.33,1760,360.45,91.0,360.45,35.78,359.42,0,359.42,0,359.42,0,359.56,0,359.70,23.4,359.82,16.0,359.95,4.73,360.07,85.08,360.20,1120.0,
,361.53,2000,361.64,113.5,361.64,52.58,360.58,0,360.58,0,360.58,0,360.71,0,360.85,84.4,360.97,15.0,361.10,4.80,361.24,100.17,361.38,1300.0,
,362.70,3280,362.82,176.7,362.82,121.39,361.78,0,361.78,0,361.78,0,361.91,0,362.06,88.3,362.19,15.0,362.32,4.67,362.45,110.56,362.57,1800.0,
,363.85,3840,363.98,15.8,363.98,7.00,362.95,0,362.95,0,362.95,3,363.07,6,363.20,88.3,363.33,15.0,363.45,4.67,363.58,103.35,363.73,1530.0,
,365.00,2840,365.12,57.1,365.12,39.33,364.11,1,364.11,0,364.11,9,364.24,11,364.36,21.9,364.49,12.0,364.62,4.72,364.75,89.18,364.87,1100.0,
,367.93,2160,368.07,69.2,368.07,29.39,365.25,1,365.25,0,365.25,9,365.38,11,365.50,28.9,367.35,12.0,367.51,4.58,367.64,107.13,367.79,1250.0,
,369.13,1960,369.24,63.2,369.24,26.42,368.20,1,368.20,0,368.20,9,368.34,11,368.46,22.7,368.59,12.0,368.72,4.61,368.85,90.65,368.99,1170.0,
,370.28,1840,370.40,69.2,370.40,26.44,369.37,1,369.37,0,369.37,9,369.50,11,369.62,24.2,369.75,13.0,369.88,4.58,370.02,90.61,370.15,1160.0,
,371.44,1680,371.57,72.2,371.57,26.61,370.54,1,370.54,0,370.54,9,370.66,0,370.81,23.0,370.93,13.0,371.06,4.56,371.18,82.34,371.31,1150.0,
,372.59,1720,372.72,76.7,372.72,29.31,371.69,0,371.69,0,371.69,0,371.82,0,371.96,24.2,372.09,13.0,372.21,4.55,372.34,85.49,372.47,1160.0,
,373.74,1800,373.88,78.2,373.88,30.78,372.85,0,372.85,0,372.85,0,372.97,0,373.10,25.4,373.24,13.0,373.36,4.58,373.49,87.80,373.61,1180.0,
,374.98,1880,375.10,84.2,375.10,35.14,374.05,0,374.05,0,374.05,0,374.16,0,374.34,26.6,374.48,13.0,374.60,4.56,374.73,91.64,374.85,1210.0,
,376.15,1960,376.28,88.7,376.28,38.64,375.24,0,375.24,0,375.24,0,375.38,0,375.52,27.7,375.65,12.0,375.78,4.58,375.90,94.28,376.03,1250.0,
,377.29,2040,377.42,95.5,377.42,42.11,376.40,0,376.40,0,376.40,0,376.53,0,376.65,28.5,376.78,12.0,376.91,4.58,377.04,97.51,377.16,1290.0,
,378.45,2120,378.58,100.8,378.58,46.61,377.56,0,377.56,0,377.56,0,377.69,0,377.82,29.7,377.95,12.0,378.08,4.61,378.21,102.33,378.33,1330.0,
,379.61,2160,379.73,100.0,379.73,45.06,378.73,0,378.73,0,378.73,0,378.86,0,378.98,31.3,379.11,12.0,379.24,4.55,379.36,103.46,379.48,1380.0,
,380.74,2240,380.87,94.7,380.87,44.61,379.86,0,379.86,0,379.86,0,379.99,0,380.11,30.5,380.24,12.0,380.36,4.54,380.49,104.76,380.61,1380.0,
,381.95,2320,382.08,81.2,382.08,41.11,381.01,0,381.01,0,381.01,0,381.15,0,381.31,26.6,381.42,12.0,381.57,4.55,381.70,105.16,381.82,1330.0,
,383.13,2360,383.30,68.4,383.30,33.75,382.20,0,382.20,0,382.20,0,382.33,0,382.45,24.2,382.58,11.0,382.71,4.56,382.85,102.13,382.99,1260.0,
,384.36,2400,384.48,36.1,384.48,17.03,383.42,0,383.42,0,383.42,0,383.58,0,383.70,23.4,383.83,12.0,383.96,4.55,384.09,96.05,384.23,1180.0,
,385.48,2360,385.61,18.0,385.61,9.06,384.61,0,384.61,0,384.61,0,384.73,0,384.86,15.2,384.98,12.0,385.11,4.28,385.23,84.95,385.36,1030.0,
,386.66,2360,386.82,35.3,386.82,18.03,385.73,0,385.73,0,385.73,0,385.86,0,385.99,16.4,386.11,13.0,386.24,4.45,386.38,78.80,386.52,1000.0,
,387.83,2360,387.97,31.6,387.97,16.81,386.95,0,386.95,0,386.95,0,387.08,0,387.20,21.1,387.33,14.0,387.45,4.66,387.58,86.62,387.70,1060.0,
,389.04,2360,389.17,32.3,389.17,15.69,388.09,0,388.09,0,388.09,0,388.22,0,388.35,18.0,388.48,14.0,388.61,4.51,388.75,75.88,388.90,1040.0,
,390.17,2400,390.32,33.8,390.32,16.58,389.30,0,389.30,0,389.30,0,389.42,0,389.56,19.5,389.67,14.0,389.82,4.54,389.92,78.40,390.07,1040.0,
,391.42,2400,391.57,23.3,391.57,10.31,390.45,0,390.45,0,390.45,0,390.59,0,390.72,18.4,390.85,14.0,390.99,4.54,391.13,69.16,391.27,1030.0,
,392.58,2400,392.70,25.6,392.70,12.64,391.69,0,391.69,0,391.69,0,391.83,0,391.95,17.6,392.08,14.0,392.20,4.47,392.33,60.57,392.46,1020.0,
,393.79,2440,393.91,24.1,393.91,11.78,392.83,0,392.83,0,392.83,0,392.96,0,393.08,17.2,393.23,15.0,393.37,4.48,393.51,55.29,393.65,1010.0,
,394.95,2440,395.08,27.8,395.08,13.64,394.06,0,394.06,0,394.06,0,394.18,0,394.32,18.0,394.45,15.0,394.58,4.53,394.70,61.91,394.83,1010.0,
,396.10,2480,396.22,25.6,396.22,13.11,395.20,0,395.20,0,395.20,0,395.33,0,395.45,17.2,395.58,15.0,395.72,4.59,395.84,58.31,395.97,1020.0,
,397.34,2520,397.47,18.8,397.47,9.58,396.35,0,396.35,0,396.35,0,396.48,0,396.62,16.8,396.75,15.0,396.90,4.53,397.04,52.21,397.18,1010.0,
,398.47,2520,398.61,23.3,398.61,11.22,397.59,0,397.59,0,397.59,0,397.72,0,397.84,16.4,397.96,15.0,398.09,4.51,398.22,51.35,398.34,1000.0,
,399.64,2560,399.76,33.1,399.76,18.03,398.73,0,398.73,0,398.73,0,398.86,0,398.98,16.8,399.11,15.0,399.23,4.55,399.36,52.36,399.51,1010.0,
,400.78,2600,400.91,29.3,400.91,15.58,399.89,0,399.89,0,399.89,0,400.02,0,400.14,19.1,400.27,15.0,400.40,4.61,400.52,67.22,400.66,1030.0,
,401.92,2600,402.07,33.1,402.07,18.06,401.03,0,401.03,0,401.03,0,401.16,0,401.28,18.4,401.41,15.0,401.53,4.61,401.66,66.11,401.79,1030.0,
,403.11,2640,403.26,45.1,403.26,24.44,402.17,0,402.17,0,402.17,0,402.33,0,402.43,19.1,402.58,15.0,402.68,4.58,402.84,81.05,402.97,1060.0,
,404.38,2720,404.54,51.9,404.54,29.36,403.40,0,403.40,0,403.40,0,403.54,0,403.68,21.5,403.84,15.0,403.98,4.72,404.12,92.19,404.24,1110.0,
,405.59,2720,405.72,42.1,405.72,22.33,404.67,0,404.67,0,404.67,0,404.82,0,404.93,23.0,405.09,14.0,405.22,4.64,405.34,94.56,405.47,1160.0,
,406.74,2720,406.88,22.6,406.88,12.17,405.84,0,405.84,0,405.84,0,405.97,0,406.10,17.6,406.22,13.0,406.35,4.57,406.47,84.53,406.60,1060.0,
,407.94,2680,408.09,24.8,408.09,12.64,407.02,0,407.02,0,407.02,0,407.16,0,407.30,18.8,407.41,14.0,407.56,4.37,407.68,73.82,407.83,1040.0,
,409.17,2640,409.32,15.8,409.32,9.19,408.22,0,408.22,0,408.22,0,408.37,0,408.51,16.4,408.65,14.0,408.82,4.45,408.92,66.16,409.07,1020.0,
,410.37,2560,410.51,15.8,410.51,8.47,409.42,0,409.42,0,409.42,0,409.58,0,409.69,15.6,409.83,14.0,409.96,4.53,410.09,60.34,410.23,1010.0,
,411.59,2520,411.71,15.8,411.71,9.08,410.65,0,410.65,0,410.65,0,410.79,0,410.91,15.6,411.06,14.0,411.20,4.78,411.32,60.83,411.45,1010.0,
,412.71,2520,412.84,33.8,412.84,19.17,411.83,0,411.83,0,411.83,0,411.96,0,412.08,15.6,412.21,14.0,412.34,4.91,412.46,54.59,412.59,1000.0,
,413.96,2520,414.10,21.1,414.10,11.61,412.98,0,412.98,0,412.98,0,413.12,0,413.26,18.0,413.40,14.0,413.54,4.58,413.68,62.79,413.82,1020.0,
,415.17,2520,415.32,19.5,415.32,11.31,414.24,0,414.24,0,414.24,0,414.38,0,414.50,17.2,414.63,15.0,414.77,4.45,414.90,54.61,415.07,1010.0,
,416.34,2560,416.48,18.0,416.48,9.89,415.42,0,415.42,0,415.42,0,415.57,0,415.67,16.4,415.83,15.0,415.92,4.46,416.07,50.11,416.19,1000.0,
,417.51,2560,417.64,22.6,417.64,13.61,416.62,0,416.62,0,416.62,0,416.76,0,416.89,16.0,417.02,15.0,417.13,4.53,417.26,49.46,417.39,1000.0,
,418.68,2600,418.84,34.6,418.84,19.53,417.77,0,417.77,0,417.77,0,417.89,0,418.02,19.5,418.14,15.0,418.27,4.60,418.41,67.94,418.58,1020.0,
,419.88,2600,420.02,22.6,420.02,11.69,418.97,0,418.97,0,418.97,0,419.09,0,419.22,18.8,419.34,15.0,419.47,4.71,419.60,68.40,419.74,1040.0,
,421.12,2600,421.25,27.1,421.25,14.75,420.16,0,420.16,0,420.16,0,420.33,0,420.44,20.3,420.60,15.0,420.75,4.46,420.87,69.95,421.00,1040.0,
,422.25,2600,422.38,27.8,422.38,13.92,421.37,0,421.37,0,421.37,0,421.50,0,421.63,18.0,421.75,15.0,421.87,4.46,422.00,71.60,422.12,1030.0,
,423.40,2600,423.53,24.1,423.53,12.08,422.50,0,422.50,0,422.50,0,422.63,0,422.77,18.4,422.90,15.0,423.03,4.55,423.15,61.67,423.28,1030.0,
,424.62,2600,424.75,24.1,424.75,13.25,423.66,0,423.66,0,423.66,0,423.78,0,423.91,17.2,424.06,15.0,424.19,4.49,424.33,55.05,424.47,1020.0,
,425.84,2560,425.98,28.6,425.98,15.44,424.90,0,424.90,0,424.90,0,425.05,0,425.16,17.2,425.32,15.0,425.45,4.51,425.57,59.90,425.70,1020.0,
,427.01,2560,427.14,24.1,427.14,11.75,426.11,0,426.11,0,426.11,0,426.23,0,426.36,17.6,426.48,15.0,426.61,4.59,426.74,60.70,426.86,1020.0,
,428.24,2560,428.38,33.8,428.38,17.25,427.27,0,427.27,0,427.27,0,427.41,0,427.54,17.6,427.68,15.0,427.83,4.50,427.96,67.06,428.10,1030.0,
,429.39,2560,429.51,29.3,429.51,14.67,428.51,0,428.51,0,428.51,0,428.63,0,428.76,19.1,428.88,15.0,429.01,4.59,429.14,80.32,429.26,1050.0,
,430.61,2560,430.76,28.6,430.76,15.31,429.64,0,429.64,0,429.64,0,429.77,0,429.90,18.0,430.04,15.0,430.18,4.50,430.34,68.77,430.47,1030.0,
,431.84,2560,431.96,27.8,431.96,14.75,430.88,0,430.88,0,430.88,0,431.02,0,431.16,18.0,431.29,15.0,431.43,4.54,431.59,63.52,431.71,1030.0,
,433.08,2560,433.20,28.6,433.20,14.86,432.09,0,432.09,0,432.09,0,432.21,0,432.35,18.0,432.49,15.0,432.63,4.51,432.77,62.91,432.91,1030.0,
,434.24,2560,434.37,28.6,434.37,14.81,433.34,0,433.34,0,433.34,0,433.47,0,433.60,18.0,433.73,15.0,433.85,4.51,433.98,61.96,434.12,1030.0,
,435.51,2560,435.64,26.3,435.64,13.67,434.51,0,434.51,0,434.51,0,434.65,0,434.79,17.6,434.93,15.0,435.09,4.54,435.23,60.62,435.37,1020.0,
,436.75,2560,436.88,26.3,436.88,13.89,435.79,0,435.79,0,435.79,0,435.93,0,436.09,17.6,436.22,15.0,436.36,4.53,436.49,59.23,436.62,1020.0,
,437.91,2520,438.08,20.3,438.08,10.08,437.00,0,437.00,0,437.00,0,437.13,0,437.25,16.4,437.37,15.0,437.49,4.48,437.63,54.24,437.77,1020.0,
,439.15,2520,439.31,15.0,439.31,7.47,438.19,0,438.19,0,438.19,0,438.33,0,438.46,16.4,438.60,15.0,438.74,4.53,438.87,50.63,439.01,1010.0,
,440.40,2520,440.55,18.8,440.55,10.19,439.43,0,439.43,0,439.43,0,439.59,0,439.74,15.2,439.88,15.0,440.02,4.49,440.16,50.00,440.30,1000.0,
,441.55,2480,441.65,21.8,441.65,11.42,440.65,0,440.65,0,440.65,0,440.80,0,440.90,16.4,441.05,16.0,441.15,4.56,441.30,50.81,441.40,1000.0,
,442.75,2480,442.87,21.8,442.87,10.64,441.80,0,441.80,0,441.80,0,441.90,0,442.04,16.8,442.18,16.0,442.33,4.53,442.48,51.88,442.62,1010.0,
,444.01,2440,444.15,23.3,444.15,11.67,443.01,0,443.01,0,443.01,0,443.15,0,443.29,16.8,443.43,16.0,443.59,4.52,443.73,53.98,443.87,1010.0,
,445.24,2400,445.38,25.6,445.38,11.58,444.29,0,444.29,0,444.29,0,444.43,0,444.59,17.6,444.73,16.0,444.86,4.52,444.99,60.21,445.11,1010.0,
,446.39,2400,446.52,25.6,446.52,12.56,445.50,0,445.50,0,445.50,0,445.64,0,445.77,17.2,445.89,15.0,446.02,4.54,446.14,55.59,446.26,1010.0,
,447.53,2400,447.65,32.3,447.65,16.86,446.64,0,446.64,0,446.64,0,446.78,0,446.91,17.2,447.03,15.0,447.16,4.51,447.28,58.62,447.41,1020.0,
,448.73,2400,448.87,26.3,448.87,11.03,447.78,0,447.78,0,447.78,0,447.90,0,448.03,18.8,448.17,15.0,448.33,4.59,448.45,67.26,448.59,1030.0,
,450.00,2360,450.13,21.1,450.13,12.17,449.01,0,449.01,0,449.01,0,449.15,0,449.32,14.5,449.43,15.0,449.59,4.41,449.73,61.23,449.86,1010.0,
,451.22,2360,451.35,40.6,451.35,20.81,450.25,0,450.25,0,450.25,0,450.38,0,450.50,19.5,450.65,15.0,450.83,4.61,450.93,75.85,451.09,1040.0,
,452.36,2360,452.48,39.8,452.48,19.81,451.49,0,451.49,0,451.49,0,451.61,0,451.74,19.9,451.86,15.0,451.98,4.68,452.11,83.81,452.23,1060.0,
,453.58,2360,453.69,36.8,453.69,17.28,452.62,0,452.62,0,452.62,0,452.76,0,452.88,19.5,453.01,15.0,453.14,4.61,453.27,82.73,453.41,1060.0,
,454.75,2360,454.90,21.1,454.90,9.67,453.84,0,453.84,0,453.84,0,453.98,0,454.12,19.1,454.25,15.0,454.38,4.51,454.50,74.02,454.63,1050.0,
,455.97,2320,456.09,15.8,456.09,7.75,455.04,0,455.04,0,455.04,0,455.17,0,455.32,14.5,455.43,15.0,455.59,4.38,455.72,65.82,455.84,1020.0,
,457.10,2280,457.23,24.1,457.23,14.58,456.22,0,456.22,0,456.22,0,456.34,0,456.47,15.2,456.59,15.0,456.71,4.47,456.84,62.04,456.96,1000.0,
,458.37,2280,458.51,15.8,458.51,7.42,457.37,0,457.37,0,457.37,0,457.51,0,457.65,17.2,457.79,15.0,457.93,4.67,458.09,63.07,458.22,1010.0,
,459.65,2280,459.79,18.0,459.79,8.14,458.65,0,458.65,0,458.65,0,458.79,0,458.93,15.2,459.09,15.0,459.23,4.45,459.37,57.04,459.51,1000.0,
,460.81,2240,460.92,15.0,460.92,7.92,459.92,0,459.92,0,459.92,0,460.07,0,460.17,15.2,460.32,15.0,460.42,4.52,460.57,52.10,460.67,1000.0,
,462.02,2200,462.16,29.3,462.16,14.19,461.08,0,461.08,0,461.08,0,461.20,0,461.33,15.2,461.46,15.0,461.60,4.64,461.74,50.99,461.88,1000.0,
,463.25,2160,463.40,18.8,463.40,8.61,462.33,0,462.33,0,462.33,0,462.44,0,462.59,18.0,462.72,15.0,462.86,4.59,463.00,63.55,463.13,1010.0,
,464.52,2160,464.66,24.1,464.66,11.14,463.56,0,463.56,0,463.56,0,463.68,0,463.85,15.2,463.98,15.0,464.12,4.44,464.26,57.25,464.39,1000.0,
,465.68,2160,465.82,55.6,465.82,27.81,464.81,0,464.81,0,464.81,0,464.92,0,465.07,17.6,465.17,15.0,465.32,4.53,465.43,67.11,465.56,1010.0,
,466.90,2160,467.03,24.1,467.03,11.19,465.94,0,465.94,0,465.94,0,466.07,0,466.21,19.5,466.35,15.0,466.49,4.83,466.63,76.82,466.76,1040.0,
,468.13,2160,468.25,43.6,468.25,20.25,467.16,0,467.16,0,467.16,0,467.32,0,467.43,16.8,467.59,15.0,467.73,4.41,467.87,78.70,468.00,1030.0,
,469.24,2160,469.38,60.2,469.38,29.08,468.38,0,468.38,0,468.38,0,468.50,0,468.62,22.3,468.75,15.0,468.88,4.69,469.00,88.65,469.12,1080.0,
,470.49,2200,470.63,61.7,470.63,29.08,469.52,0,469.52,0,469.52,0,469.66,0,469.83,23.8,469.94,15.0,470.09,4.70,470.23,91.65,470.36,1150.0,
,471.67,2240,471.82,59.4,471.82,28.17,470.75,0,470.75,0,470.75,0,470.88,0,471.02,23.0,471.15,14.0,471.31,4.64,471.43,90.18,471.57,1160.0,
,472.87,2280,473.01,59.4,473.01,28.83,471.92,0,471.92,0,471.92,0,472.08,0,472.17,22.7,472.33,14.0,472.45,4.58,472.59,88.86,472.73,1160.0,
,474.09,2280,474.22,58.6,474.22,28.22,473.15,0,473.15,0,473.15,0,473.31,0,473.43,22.7,473.59,13.0,473.72,4.55,473.84,91.07,473.97,1160.0,
,475.22,2320,475.34,48.1,475.34,22.64,474.35,0,474.35,0,474.35,0,474.47,0,474.59,22.3,474.72,13.0,474.84,4.54,474.97,88.55,475.09,1160.0,
,476.37,2320,476.51,45.1,476.51,22.11,475.47,0,475.47,0,475.47,0,475.59,0,475.72,20.3,475.84,13.0,475.96,4.53,476.09,87.25,476.23,1110.0,
,477.64,2320,477.77,42.9,477.77,20.25,476.65,0,476.65,0,476.65,0,476.81,0,476.93,20.7,477.09,13.0,477.22,4.46,477.37,86.70,477.51,1090.0,
,478.86,2320,478.99,30.1,478.99,14.36,477.89,0,477.89,0,477.89,0,478.02,0,478.16,19.9,478.33,14.0,478.44,4.48,478.59,84.39,478.72,1080.0,
,480.00,2320,480.13,33.1,480.13,16.17,479.11,0,479.11,0,479.11,0,479.25,0,479.37,18.0,479.50,14.0,479.63,4.29,479.75,73.83,479.88,1040.0,
,481.12,2320,481.25,32.3,481.25,15.39,480.25,0,480.25,0,480.25,0,480.37,0,480.50,18.4,480.62,14.0,480.75,4.49,480.87,71.46,481.00,1030.0,
,482.35,2280,482.49,33.1,482.49,15.69,481.37,0,481.37,0,481.37,0,481.51,0,481.65,18.0,481.81,14.0,481.94,4.56,482.09,70.41,482.22,1030.0,
,483.49,2280,483.61,33.1,483.61,15.69,482.61,0,482.61,0,482.61,0,482.74,0,482.86,18.4,482.98,15.0,483.11,4.49,483.23,71.46,483.36,1030.0,
,484.66,2280,484.80,33.1,484.80,14.69,483.75,0,483.75,0,483.75,0,483.90,0,484.06,18.4,484.16,15.0,484.30,4.51,484.41,71.46,484.55,1030.0,
,485.81,2280,485.92,33.1,485.92,15.03,484.91,0,484.91,0,484.91,0,485.05,0,485.15,18.4,485.30,15.0,485.40,4.52,485.55,71.70,485.65,1030.0,
,487.06,2240,487.18,33.1,487.18,14.81,486.08,0,486.08,0,486.08,0,486.20,0,486.34,18.4,486.47,15.0,486.62,4.53,486.76,71.34,486.90,1030.0,
,488.31,2240,488.42,33.8,488.42,15.89,487.34,0,487.34,0,487.34,0,487.47,0,487.62,18.4,487.76,15.0,487.90,4.52,488.06,73.39,488.16,1030.0,
,489.42,2240,489.57,38.3,489.57,18.25,488.57,0,488.57,0,488.57,0,488.67,0,488.82,19.1,488.92,15.0,489.07,4.56,489.17,77.22,489.32,1040.0,
,490.62,2240,490.76,37.6,490.76,17.06,489.69,0,489.69,0,489.69,0,489.83,0,489.97,19.1,490.09,15.0,490.21,4.52,490.34,77.34,490.48,1050.0,
,491.90,2240,492.06,37.6,492.06,16.89,490.90,0,490.90,0,490.90,0,491.06,0,491.18,19.1,491.34,15.0,491.47,4.51,491.61,77.58,491.76,1050.0,
,493.18,2240,493.32,39.8,493.32,18.94,492.18,0,492.18,0,492.18,0,492.34,0,492.48,19.1,492.62,15.0,492.76,4.54,492.90,77.67,493.06,1050.0,
,494.32,2240,494.42,40.6,494.42,19.39,493.42,0,493.42,0,493.42,0,493.57,0,493.67,19.5,493.82,15.0,493.92,4.54,494.07,81.93,494.17,1050.0,
,495.42,2240,495.57,39.8,495.57,18.64,494.57,0,494.57,0,494.57,0,494.67,0,494.82,19.5,494.92,15.0,495.06,4.51,495.17,81.83,495.31,1060.0,
,496.65,2280,496.79,29.3,496.79,12.58,495.67,0,495.67,0,495.67,0,495.82,0,495.94,18.8,496.09,15.0,496.23,4.54,496.37,74.72,496.51,1050.0,
,497.88,2240,498.00,23.3,498.00,10.69,496.93,0,496.93,0,496.93,0,497.09,0,497.23,16.8,497.37,15.0,497.50,4.43,497.63,65.59,497.75,1030.0,
,499.04,2240,499.17,21.1,499.17,9.36,498.12,0,498.12,0,498.12,0,498.25,0,498.38,16.0,498.51,15.0,498.64,4.44,498.77,58.42,498.91,1010.0,
,500.19,2200,500.34,21.1,500.34,8.89,499.32,0,499.32,0,499.32,0,499.42,0,499.57,16.0,499.67,15.0,499.82,4.49,499.92,52.70,500.09,1010.0,
,501.34,2240,501.47,31.6,501.47,14.50,500.47,0,500.47,0,500.47,0,500.60,0,500.72,16.0,500.85,15.0,500.97,4.51,501.10,56.95,501.22,1000.0,
,502.46,2200,502.60,33.1,502.60,13.83,501.59,0,501.59,0,501.59,0,501.72,0,501.84,19.1,501.97,15.0,502.09,4.59,502.21,75.46,502.34,1030.0,
,503.72,2240,503.87,31.6,503.87,14.06,502.74,0,502.74,0,502.74,0,502.88,0,503.02,17.6,503.16,15.0,503.33,4.53,503.44,67.46,503.59,1030.0,
,505.00,2200,505.13,36.1,505.13,16.56,504.01,0,504.01,0,504.01,0,504.15,0,504.29,18.0,504.43,15.0,504.59,4.52,504.72,72.35,504.86,1030.0,
,506.14,2240,506.26,35.3,506.26,16.25,505.25,0,505.25,0,505.25,0,505.37,0,505.50,18.8,505.63,15.0,505.75,4.57,505.88,75.85,506.02,1040.0,
,507.26,2240,507.39,29.3,507.39,11.78,506.39,0,506.39,0,506.39,0,506.51,0,506.64,18.8,506.76,15.0,506.89,4.54,507.01,71.32,507.14,1040.0,
,508.52,2240,508.66,25.6,508.66,11.14,507.52,0,507.52,0,507.52,0,507.66,0,507.83,16.8,507.95,15.0,508.11,4.47,508.24,62.41,508.39,1020.0,
,509.72,2200,509.84,23.3,509.84,9.92,508.83,0,508.83,0,508.83,0,508.95,0,509.09,16.4,509.22,15.0,509.35,4.49,509.47,55.25,509.59,1010.0,
,510.93,2160,511.10,20.3,511.10,8.86,509.97,0,509.97,0,509.97,0,510.10,0,510.23,15.6,510.37,15.0,510.51,4.49,510.65,50.42,510.81,1010.0,
,512.12,2160,512.25,22.6,512.25,9.44,511.22,0,511.22,0,511.22,0,511.34,0,511.47,16.0,511.60,16.0,511.74,4.49,511.86,51.91,511.99,1000.0,
,513.31,2160,513.42,22.6,513.42,9.44,512.37,0,512.37,0,512.37,0,512.50,0,512.63,16.0,512.75,16.0,512.89,4.54,513.01,52.04,513.15,1000.0,
,514.47,2120,514.59,21.1,514.59,8.67,513.57,0,513.57,0,513.57,0,513.69,0,513.84,16.0,513.97,16.0,514.09,4.53,514.22,49.84,514.34,1000.0,
,515.66,2120,515.82,17.3,515.82,4.97,514.72,0,514.72,0,514.72,0,514.84,0,514.97,15.6,515.10,16.0,515.24,4.49,515.38,49.85,515.52,1000.0,
,516.87,2080,517.00,15.8,517.00,7.03,515.93,0,515.93,0,515.93,0,516.09,0,516.22,14.8,516.35,16.0,516.49,4.49,516.61,49.60,516.74,1000.0,
,518.02,2040,518.14,15.8,518.14,7.14,517.13,0,517.13,0,517.13,0,517.27,0,517.39,14.8,517.52,16.0,517.64,4.63,517.77,50.42,517.89,1000.0,
,519.20,2000,519.34,15.0,519.34,6.36,518.26,0,518.26,0,518.26,0,518.39,0,518.51,14.8,518.64,15.0,518.78,4.74,518.92,50.42,519.08,1000.0,
,520.43,1960,520.58,15.0,520.58,6.31,519.47,0,519.47,0,519.47,0,519.62,0,519.76,14.8,519.90,15.0,520.06,4.84,520.17,50.45,520.32,1000.0,
,521.68,1920,521.84,15.0,521.84,6.50,520.70,0,520.70,0,520.70,0,520.84,0,520.97,16.8,521.11,15.0,521.25,4.48,521.40,54.76,521.56,1000.0,
,522.87,1880,523.01,15.8,523.01,6.28,521.97,0,521.97,0,521.97,0,522.09,0,522.22,14.5,522.35,15.0,522.47,4.46,522.59,51.56,522.73,990.0,
,524.13,1840,524.27,15.0,524.27,6.08,523.15,0,523.15,0,523.15,0,523.32,0,523.42,14.5,523.58,15.0,523.70,4.64,523.86,51.42,523.99,1000.0,
,525.43,1800,525.59,15.0,525.59,5.83,524.41,0,524.41,0,524.41,0,524.57,0,524.69,14.5,524.86,15.0,525.01,4.74,525.15,51.36,525.29,1000.0,
,526.61,1720,526.73,15.0,526.73,5.03,525.71,0,525.71,0,525.71,0,525.85,0,525.99,14.1,526.11,15.0,526.24,4.79,526.36,51.27,526.48,1000.0,
,527.84,1680,527.94,15.0,527.94,5.36,526.86,0,526.86,0,526.86,0,526.98,0,527.12,14.1,527.26,16.0,527.40,4.83,527.54,50.99,527.68,1000.0,
,529.00,1560,529.12,15.0,529.12,4.78,528.08,0,528.08,0,528.08,0,528.20,0,528.35,14.1,528.48,16.0,528.61,4.88,528.75,50.95,528.88,1000.0,
,530.12,1400,530.26,15.0,530.26,4.61,529.25,0,529.25,0,529.25,0,529.38,0,529.50,13.7,529.63,16.0,529.75,4.91,529.87,50.74,530.00,990.0,
,531.38,1520,531.53,15.0,531.53,4.94,530.40,0,530.40,0,530.40,0,530.54,0,530.68,13.3,530.83,16.0,530.93,4.93,531.10,50.59,531.22,990.0,
,532.65,1680,532.79,15.0,532.79,5.39,531.67,0,531.67,0,531.67,0,531.80,0,531.95,13.3,532.11,16.0,532.23,4.96,532.37,50.39,532.51,990.0,
,533.89,1520,534.04,14.3,534.04,4.78,532.93,0,532.93,0,532.93,0,533.05,0,533.19,13.7,533.36,16.0,533.48,4.99,533.62,50.25,533.76,990.0,
,535.06,1480,535.20,27.8,535.20,9.69,534.18,0,534.18,0,534.18,0,534.31,0,534.44,13.3,534.56,16.0,534.68,5.00,534.81,48.64,534.94,990.0,
,536.32,1520,536.44,46.6,536.44,15.94,535.36,0,535.36,0,535.36,0,535.48,0,535.62,16.8,535.76,16.0,535.90,4.36,536.04,62.42,536.18,990.0,
,537.56,1640,537.69,63.2,537.69,23.22,536.61,0,536.61,0,536.61,0,536.73,0,536.88,20.3,537.01,16.0,537.15,4.62,537.29,73.81,537.43,1040.0,
,538.70,1800,538.85,76.7,538.85,32.31,537.82,0,537.82,0,537.82,0,537.96,0,538.10,23.0,538.20,15.0,538.35,4.70,538.46,81.77,538.60,1100.0,
,539.93,2040,540.07,100.0,540.07,48.06,538.95,0,538.95,0,538.95,0,539.10,0,539.21,32.8,539.38,15.0,539.51,4.72,539.65,97.86,539.79,1260.0,
,541.22,2440,541.37,104.5,541.37,46.94,540.21,0,540.21,0,540.21,0,540.38,0,540.52,34.4,540.66,14.0,540.80,4.66,540.94,109.57,541.11,1430.0,
,542.40,2200,542.54,52.6,542.54,21.31,541.50,0,541.50,0,541.50,1,541.63,0,541.75,25.0,541.89,12.0,542.01,4.63,542.14,104.86,542.27,1200.0,
,543.68,1760,543.82,23.3,543.82,10.50,542.68,0,542.68,0,542.68,2,542.84,0,542.96,19.5,543.13,12.0,543.26,4.51,543.40,91.75,543.54,1070.0,
,544.94,1440,545.06,16.5,545.06,1.94,543.96,0,543.96,0,543.96,2,544.12,0,544.25,13.3,544.40,13.0,544.54,4.18,544.67,88.99,544.80,1010.0,
,546.12,1360,546.25,15.8,546.25,5.00,545.19,0,545.19,0,545.19,2,545.36,0,545.47,13.3,545.62,14.0,545.75,4.33,545.88,89.02,546.00,1000.0,
,547.25,1400,547.39,14.3,547.39,4.75,546.37,0,546.37,0,546.37,2,546.49,0,546.62,13.3,546.75,15.0,546.87,4.43,546.99,88.92,547.12,990.0,
,548.52,1520,548.66,15.0,548.66,4.97,547.52,0,547.52,0,547.52,2,547.66,0,547.81,13.7,547.94,15.0,548.11,4.51,548.23,88.86,548.38,990.0,
,549.75,1640,549.88,13.5,549.88,5.42,548.80,0,548.80,0,548.80,2,548.95,0,549.11,13.3,549.22,15.0,549.37,4.59,549.50,88.75,549.63,990.0,
,550.93,1560,551.05,15.0,551.05,5.28,550.00,0,550.00,0,550.00,2,550.13,0,550.25,14.1,550.39,15.0,550.52,4.64,550.65,88.77,550.79,990.0,
,552.06,1600,552.19,13.5,552.19,5.22,551.17,0,551.17,0,551.17,2,551.30,0,551.44,13.3,551.56,15.0,551.69,4.70,551.81,88.59,551.94,990.0,
,553.22,1520,553.37,15.0,553.37,4.75,552.32,0,552.32,0,552.32,2,552.44,0,552.56,14.1,552.68,16.0,552.81,4.74,552.95,88.53,553.11,990.0,
,554.41,1400,554.53,14.3,554.53,4.42,553.51,0,553.51,0,553.51,2,553.65,0,553.78,13.3,553.91,16.0,554.03,4.77,554.16,88.42,554.28,990.0,
,555.53,1600,555.65,25.6,555.65,10.36,554.65,0,554.65,0,554.65,2,554.78,0,554.91,13.3,555.03,16.0,555.15,4.81,555.28,83.66,555.40,990.0,
,556.79,1720,556.93,42.9,556.93,16.25,555.79,0,555.79,0,555.79,2,555.93,0,556.09,17.2,556.21,16.0,556.38,4.17,556.51,77.97,556.65,1000.0,
,558.02,1880,558.16,48.1,558.16,20.17,557.09,0,557.09,0,557.09,2,557.20,0,557.37,20.3,557.47,16.0,557.63,4.54,557.74,76.34,557.89,1030.0,
,559.22,1520,559.38,51.1,559.38,16.00,558.30,0,558.30,0,558.30,2,558.45,0,558.59,20.7,558.72,15.0,558.87,4.59,558.97,76.54,559.12,1070.0,
,560.40,1480,560.53,45.9,560.53,14.94,559.49,0,559.49,0,559.49,2,559.63,0,559.77,19.1,559.90,15.0,560.03,4.51,560.15,69.43,560.28,1050.0,
,561.64,1440,561.77,15.0,561.77,4.39,560.67,0,560.67,0,560.67,2,560.79,0,560.93,14.8,561.07,15.0,561.21,4.49,561.38,68.27,561.49,1020.0,
,562.89,1280,563.02,13.5,563.02,1.97,561.91,0,561.91,0,561.91,2,562.06,0,562.19,13.3,562.37,15.0,562.47,4.51,562.64,64.86,562.77,990.0,
,564.05,1200,564.17,15.0,564.17,3.83,563.14,0,563.14,0,563.14,2,563.27,0,563.41,12.9,563.54,15.0,563.67,4.73,563.80,64.04,563.92,990.0,
,565.21,1160,565.37,14.3,565.37,3.78,564.30,0,564.30,0,564.30,2,564.42,0,564.54,12.9,564.67,16.0,564.79,4.54,564.93,61.53,565.07,980.0,
,566.47,1160,566.63,14.3,566.63,3.72,565.49,0,565.49,0,565.49,2,565.64,0,565.77,12.9,565.91,16.0,566.05,4.58,566.19,59.41,566.36,980.0,
,567.64,1160,567.76,14.3,567.76,3.81,566.76,0,566.76,0,566.76,2,566.89,0,567.02,12.9,567.14,16.0,567.26,4.53,567.39,57.16,567.51,980.0,
,568.88,1200,569.01,23.3,569.01,8.81,567.89,0,567.89,0,567.89,2,568.03,0,568.17,12.9,568.31,17.0,568.45,4.54,568.61,54.79,568.73,980.0,
,570.14,1280,570.28,14.3,570.28,4.03,569.14,0,569.14,0,569.14,2,569.27,0,569.42,14.1,569.55,17.0,569.69,4.62,569.86,52.50,569.97,980.0,
,571.39,1240,571.52,16.5,571.52,5.17,570.42,0,570.42,0,570.42,2,570.56,0,570.69,13.3,570.86,16.0,570.98,4.54,571.14,49.96,571.26,980.0,
,572.56,1280,572.69,16.5,572.69,4.36,571.64,0,571.64,0,571.64,2,571.77,0,571.89,13.7,572.01,17.0,572.14,4.57,572.28,50.74,572.41,980.0,
,573.80,1200,573.95,15.0,573.95,3.83,572.82,0,572.82,0,572.82,2,572.96,0,573.13,12.9,573.24,17.0,573.39,4.57,573.52,49.73,573.66,980.0,
,574.97,1160,575.11,14.3,575.11,3.75,574.11,0,574.11,0,574.11,2,574.22,0,574.37,12.9,574.47,17.0,574.61,4.56,574.72,50.04,574.87,980.0,
,576.18,1120,576.32,14.3,576.32,3.58,575.21,0,575.22,0,575.22,2,575.37,0,575.48,12.9,575.63,17.0,575.76,4.56,575.90,50.20,576.04,980.0,
,577.44,960,577.57,15.0,577.57,3.19,576.47,0,576.47,0,576.47,2,576.62,0,576.74,12.5,576.89,17.0,577.02,4.57,577.16,50.21,577.30,980.0,
,578.62,880,578.72,18.8,578.72,3.64,577.71,0,577.71,0,577.71,2,577.85,0,577.95,12.5,578.10,18.0,578.20,4.61,578.35,50.26,578.46,980.0,
,579.75,880,579.88,18.0,579.88,3.47,578.87,0,578.87,0,578.87,2,578.97,0,579.12,12.5,579.22,18.0,579.37,4.56,579.47,49.62,579.63,980.0,
,580.92,880,581.06,18.0,581.06,3.47,580.00,0,580.00,0,580.00,2,580.13,0,580.25,12.5,580.38,18.0,580.51,4.58,580.64,49.62,580.78,980.0,
,582.19,880,582.36,18.0,582.36,3.47,581.20,0,581.20,0,581.20,2,581.36,0,581.49,12.5,581.64,18.0,581.77,4.59,581.91,50.93,582.05,980.0,
,583.44,880,583.58,18.8,583.58,3.64,582.48,0,582.48,0,582.48,2,582.64,0,582.77,12.5,582.91,18.0,583.05,4.61,583.17,49.61,583.30,980.0,
,584.58,840,584.71,17.3,584.71,2.94,583.70,0,583.70,0,583.70,2,583.83,0,583.95,12.9,584.08,18.0,584.20,4.57,584.35,50.22,584.45,980.0,
,585.70,720,585.83,21.1,585.83,3.36,584.85,0,584.85,0,584.85,2,584.95,0,585.12,12.1,585.20,18.0,585.35,4.73,585.45,48.38,585.59,980.0,
,586.83,760,586.96,20.3,586.96,2.89,585.95,0,585.95,0,585.95,2,586.11,0,586.20,12.5,586.34,18.0,586.45,4.53,586.59,49.32,586.70,980.0,
,588.01,720,588.14,20.3,588.14,2.94,587.09,0,587.09,0,587.09,2,587.21,0,587.37,12.1,587.50,18.0,587.63,4.61,587.75,49.84,587.88,980.0,
,589.15,720,589.28,20.3,589.28,3.08,588.26,0,588.26,0,588.26,2,588.39,0,588.52,12.1,588.65,18.0,588.77,4.62,588.90,50.02,589.03,980.0,
,590.31,680,590.43,26.3,590.43,4.56,589.40,0,589.40,0,589.40,2,589.55,0,589.69,12.1,589.81,18.0,589.94,4.60,590.06,49.63,590.18,980.0,
,591.52,720,591.64,21.8,591.64,3.47,590.57,0,590.57,0,590.57,2,590.71,0,590.87,12.1,590.97,18.0,591.14,4.55,591.27,51.55,591.39,980.0,
,592.69,760,592.81,18.0,592.81,2.75,591.77,0,591.77,0,591.77,2,591.89,0,592.04,12.1,592.18,18.0,592.30,4.60,592.42,49.84,592.55,980.0,
,593.94,760,594.09,17.3,594.09,2.58,592.95,0,592.95,0,592.95,2,593.11,0,593.23,12.1,593.39,18.0,593.52,4.62,593.66,50.21,593.80,980.0,
