Monday,13,February,2023,01:15:57:13126-VCID:3B232488BF6694B3FE0-806E,VCDS Version: Release 22.10.0 (x64),Data version: 20221026 DS344.0
8J0 907 115 R,ADVMB,2.0l R4/4V TFSI     0010,
,,G001,F0,G002,F1,G002,F3,G014,F2,G061,F2,G102,F2,G103,F0,G117,F3,G118,F3,G120,F2,G122,F1,G134,F0,

Marker,TIME,Group 1 - Field 0,TIME,Group 2 - Field 1,TIME,Group 2 - Field 3,TIME,Group 14 - Field 2,TIME,Group 61 - Field 2,TIME,Group 102 - Field 2,TIME,Group 103 - Field 0,TIME,Group 117 - Field 3,TIME,Group 118 - Field 3,TIME,Group 120 - Field 2,TIME,Group 122 - Field 1,TIME,Group 134 - Field 0,
,STAMP,Engine Speed - (G28),STAMP,Engine Load,STAMP,Mass Air Flow - Sensor (G70),STAMP,Misfire Counter,STAMP,Throttle Valve Angle,STAMP,Intake Air - Temperature (G42),STAMP,Current - Fuel Pressure,STAMP,Boost Pressure - (specified),STAMP,Boost Pressure - (actual),STAMP,Engine Torque - (actual),STAMP,Torque specified - by ASR,STAMP,Oil Temperature,
,, /min,, %,, g/s,,,, %,,°C,, bar,, mbar,, mbar,, Nm,, Nm,,°C,
,0.49,760,0.61,17.3,0.61,2.56,0.74,0,0.86,1.6,0.99,39.0,1.12,4.99,1.27,300.0,0.00,970.0,0.11,4.9,0.24,497.8,0.36,85.0,
,1.96,720,2.09,17.3,2.09,2.75,2.23,0,2.35,1.6,2.47,39.0,2.60,4.98,2.73,320.0,1.43,970.0,1.54,2.4,1.71,497.8,1.84,85.0,
,3.35,720,3.48,18.8,3.48,3.00,3.62,0,3.76,2.0,3.89,39.0,4.03,4.99,4.19,310.0,2.85,970.0,2.98,4.9,3.10,497.8,3.23,85.0,
,4.83,720,4.96,18.0,4.96,3.00,5.08,0,5.21,2.0,5.33,39.0,5.46,5.00,5.59,310.0,4.29,970.0,4.45,4.9,4.59,497.8,4.71,85.0,
,6.27,720,6.43,18.0,6.43,3.03,6.55,0,6.71,2.0,6.84,39.0,6.98,5.03,7.11,310.0,5.71,970.0,5.85,7.3,5.99,497.8,6.13,85.0,
,7.76,760,7.88,18.0,7.88,3.06,8.00,0,8.13,2.0,8.25,38.0,8.38,5.03,8.50,330.0,7.25,970.0,7.38,7.3,7.51,497.8,7.63,85.0,
,9.13,760,9.25,19.5,9.25,3.33,9.38,0,9.50,2.4,9.63,38.0,9.77,5.02,9.91,390.0,8.63,970.0,8.75,0.0,8.88,497.8,9.00,85.0,
,10.61,680,10.75,33.8,10.75,6.06,10.89,0,11.01,5.5,11.13,38.0,11.26,5.16,11.38,450.0,10.04,970.0,10.20,12.2,10.33,497.8,10.47,85.0,
,12.00,760,12.13,25.6,12.13,3.33,12.25,0,12.39,3.1,12.53,38.0,12.69,4.99,12.81,470.0,11.51,970.0,11.63,19.5,11.75,497.8,11.88,85.0,
,13.53,760,13.65,23.3,13.65,3.64,13.80,0,13.95,2.4,14.07,37.0,14.22,5.01,14.35,400.0,12.97,970.0,13.11,17.1,13.25,497.8,13.39,85.0,
,14.99,720,15.12,23.3,15.12,3.72,15.24,0,15.37,2.7,15.49,38.0,15.62,4.98,15.74,410.0,14.48,970.0,14.61,9.8,14.74,497.8,14.87,85.0,
,16.37,760,16.51,23.3,16.51,3.83,16.65,0,16.77,2.7,16.89,38.0,17.02,5.01,17.15,430.0,15.87,970.0,15.99,9.8,16.11,497.8,16.24,85.0,
,17.77,840,17.90,31.6,17.90,5.36,18.03,0,18.20,4.3,18.31,37.0,18.47,4.97,18.61,670.0,17.27,970.0,17.40,19.5,17.52,497.8,17.64,85.0,
,19.28,800,19.42,25.6,19.42,4.17,19.54,0,19.68,2.7,19.79,36.0,19.93,4.88,20.04,450.0,18.75,970.0,18.89,9.8,19.01,497.8,19.14,85.0,
,20.68,800,20.79,30.1,20.79,4.72,20.93,0,21.04,4.7,21.18,37.0,21.28,5.02,21.43,470.0,20.18,970.0,20.28,26.8,20.43,497.8,20.54,85.0,
,22.05,760,22.21,23.3,22.21,3.75,22.33,0,22.47,2.4,22.60,36.0,22.73,5.10,22.87,680.0,21.54,970.0,21.68,9.8,21.78,497.8,21.93,85.0,
,23.49,880,23.62,29.3,23.62,4.92,23.75,0,23.88,3.9,24.01,36.0,24.13,4.92,24.25,520.0,22.99,970.0,23.12,48.8,23.24,497.8,23.37,85.0,
,24.90,760,25.02,23.3,25.02,3.86,25.15,0,25.27,2.4,25.39,36.0,25.52,4.96,25.64,360.0,24.38,970.0,24.50,0.0,24.63,497.8,24.76,85.0,
,26.33,720,26.47,21.8,26.47,3.42,26.61,0,26.74,2.4,26.87,37.0,27.00,4.99,27.12,360.0,25.77,970.0,25.91,7.3,26.05,497.8,26.21,85.0,
,27.74,760,27.88,22.6,27.88,3.67,28.02,0,28.15,2.7,28.29,37.0,28.45,4.97,28.57,390.0,27.24,970.0,27.37,9.8,27.49,497.8,27.61,85.0,
,29.28,760,29.44,24.1,29.44,3.97,29.56,0,29.73,2.7,29.85,37.0,29.98,5.00,30.12,370.0,28.72,970.0,28.86,9.8,29.00,497.8,29.14,85.0,
,30.82,680,30.97,27.8,30.97,4.83,31.10,0,31.23,3.9,31.35,37.0,31.48,5.10,31.60,370.0,30.26,970.0,30.40,9.8,30.54,497.8,30.70,85.0,
,32.24,680,32.38,37.6,32.38,6.67,32.52,0,32.66,5.1,32.80,37.0,32.97,4.90,33.10,490.0,31.73,970.0,31.85,14.6,31.97,497.8,32.10,85.0,
,33.73,760,33.85,35.3,33.85,3.94,33.98,0,34.10,2.4,34.23,36.0,34.35,5.37,34.48,390.0,33.22,970.0,33.35,31.7,33.48,497.8,33.60,85.0,
,35.10,720,35.22,27.8,35.22,3.64,35.36,0,35.49,2.4,35.63,37.0,35.75,4.69,35.88,340.0,34.60,970.0,34.73,19.5,34.85,497.8,34.98,85.0,
,36.53,760,36.67,21.8,36.67,3.42,36.82,0,36.97,3.5,37.09,37.0,37.24,5.09,37.37,610.0,36.00,970.0,36.13,4.9,36.25,497.8,36.39,85.0,
,38.06,760,38.22,28.6,38.22,4.28,38.32,0,38.48,4.3,38.62,37.0,38.74,4.92,38.87,540.0,37.50,970.0,37.64,36.6,37.78,497.8,37.92,85.0,
,39.49,1000,39.62,38.3,39.62,8.25,39.74,0,39.87,7.1,39.99,36.0,40.11,4.97,40.24,730.0,38.99,970.0,39.12,46.4,39.24,497.8,39.36,85.0,
,40.88,1160,41.00,47.4,41.00,11.78,41.13,0,41.27,9.0,41.41,36.0,41.54,5.02,41.70,730.0,40.36,980.0,40.49,65.9,40.61,497.8,40.74,85.0,
,42.37,1280,42.49,52.6,42.49,13.78,42.62,0,42.74,10.2,42.87,35.0,42.99,5.05,43.12,810.0,41.82,1000.0,41.97,73.2,42.09,78.1,42.23,85.0,
,43.74,1360,43.89,52.6,43.89,15.36,44.03,0,44.17,11.4,44.31,35.0,44.47,5.01,44.59,830.0,43.24,1020.0,43.36,87.8,43.49,497.8,43.62,85.0,
,45.26,1760,45.38,51.1,45.38,20.11,45.51,0,45.65,13.7,45.79,33.0,45.91,5.08,46.04,820.0,44.74,1040.0,44.87,87.8,45.01,497.8,45.13,85.0,
,46.66,1640,46.79,51.9,46.79,17.67,46.91,0,47.03,12.2,47.17,33.0,47.31,4.97,47.47,810.0,46.16,1060.0,46.29,46.4,46.41,102.5,46.54,85.0,
,48.15,1720,48.28,44.4,48.28,16.53,48.42,0,48.54,10.6,48.67,33.0,48.81,4.97,48.97,650.0,47.60,1060.0,47.74,87.8,47.88,497.8,48.01,85.0,
,49.57,1720,49.71,21.1,49.71,4.56,49.82,0,49.96,3.1,50.06,32.0,50.21,4.98,50.32,260.0,49.07,1040.0,49.21,58.6,49.32,497.8,49.46,85.0,
,51.02,1280,51.16,14.3,51.16,3.50,51.30,0,51.45,2.7,51.57,33.0,51.72,5.06,51.84,260.0,50.46,1000.0,50.58,0.0,50.74,497.8,50.88,85.0,
,52.49,1320,52.62,13.5,52.62,4.14,52.74,0,52.86,3.1,52.99,34.0,53.11,5.27,53.25,260.0,51.98,980.0,52.12,0.0,52.24,497.8,52.37,85.0,
,53.90,1560,54.04,15.0,54.04,5.08,54.16,0,54.29,3.5,54.41,34.0,54.54,5.41,54.66,260.0,53.38,980.0,53.50,0.0,53.63,497.8,53.76,85.0,
,55.30,1320,55.43,14.3,55.43,4.19,55.55,0,55.68,3.1,55.80,35.0,55.98,5.52,56.10,260.0,54.79,980.0,54.92,0.0,55.05,497.8,55.18,85.0,
,56.80,1200,56.96,14.3,56.96,3.75,57.07,0,57.23,3.1,57.37,35.0,57.49,5.51,57.62,300.0,56.24,980.0,56.38,0.0,56.52,497.8,56.66,85.0,
,58.29,840,58.45,21.1,58.45,4.14,58.55,0,58.70,2.7,58.82,35.0,58.97,4.80,59.07,320.0,57.75,980.0,57.89,0.0,58.03,497.8,58.17,85.0,
,59.71,840,59.81,21.8,59.81,4.39,59.98,0,60.09,3.1,60.26,35.0,60.39,4.92,60.53,590.0,59.21,970.0,59.32,4.9,59.45,497.8,59.57,86.0,
,61.16,1240,61.29,44.4,61.29,12.44,61.41,0,61.53,10.2,61.66,35.0,61.79,5.01,61.91,800.0,60.66,970.0,60.79,48.8,60.91,497.8,61.04,86.0,
,62.54,1360,62.67,50.4,62.67,15.14,62.79,0,62.92,11.0,63.04,33.0,63.18,5.03,63.31,810.0,62.04,990.0,62.17,85.4,62.29,497.8,62.42,86.0,
,64.03,1720,64.17,49.6,64.17,18.94,64.31,0,64.47,12.9,64.58,32.0,64.74,5.07,64.86,820.0,63.47,1020.0,63.59,85.4,63.76,497.8,63.89,86.0,
,65.51,1560,65.63,58.6,65.63,20.11,65.75,0,65.88,13.7,66.00,31.0,66.13,5.03,66.25,890.0,65.00,1050.0,65.13,58.6,65.26,104.9,65.38,86.0,
,66.98,1720,67.09,59.4,67.09,22.44,67.25,0,67.39,14.5,67.53,30.0,67.67,5.07,67.82,910.0,66.39,1070.0,66.53,104.9,66.67,497.8,66.81,86.0,
,68.50,1640,68.62,60.9,68.62,21.08,68.75,0,68.88,13.7,69.01,30.0,69.15,5.01,69.27,830.0,67.97,1090.0,68.09,102.5,68.23,78.1,68.36,86.0,
,69.90,1560,70.04,44.4,70.04,14.11,70.16,0,70.29,9.4,70.41,30.0,70.54,4.92,70.66,620.0,69.40,1090.0,69.52,95.2,69.64,497.8,69.77,86.0,
,71.29,1640,71.41,33.1,71.41,11.33,71.53,0,71.67,7.5,71.81,30.0,71.95,4.93,72.09,450.0,70.79,1040.0,70.91,51.2,71.03,497.8,71.16,86.0,
,72.79,1720,72.92,24.1,72.92,8.47,73.04,0,73.17,6.7,73.29,30.0,73.41,4.95,73.54,420.0,72.25,1010.0,72.39,24.4,72.53,497.8,72.66,86.0,
,74.17,1720,74.31,22.6,74.31,8.61,74.46,0,74.58,5.9,74.73,31.0,74.83,5.03,74.97,460.0,73.66,1000.0,73.79,19.5,73.91,497.8,74.05,86.0,
,75.65,1360,75.80,24.1,75.80,7.14,75.94,0,76.08,5.5,76.24,31.0,76.36,5.00,76.52,390.0,75.09,990.0,75.26,26.8,75.38,497.8,75.52,86.0,
,77.20,1400,77.32,20.3,77.32,6.25,77.45,0,77.59,4.7,77.73,32.0,77.84,5.01,77.97,270.0,76.66,990.0,76.80,14.6,76.93,497.8,77.07,86.0,
,78.58,1360,78.73,14.3,78.73,4.36,78.83,0,78.96,3.1,79.08,32.0,79.24,5.05,79.36,260.0,78.09,980.0,78.23,0.0,78.33,497.8,78.48,86.0,
,80.05,1320,80.18,14.3,80.18,4.28,80.31,0,80.43,2.7,80.56,33.0,80.68,5.32,80.81,260.0,79.51,980.0,79.65,0.0,79.78,497.8,79.90,86.0,
,81.44,1240,81.57,14.3,81.57,3.67,81.69,0,81.82,2.7,81.94,33.0,82.10,5.46,82.25,260.0,80.93,980.0,81.06,0.0,81.19,497.8,81.32,86.0,
,82.85,1480,83.00,14.3,83.00,4.11,83.13,0,83.27,3.5,83.41,33.0,83.55,5.57,83.68,260.0,82.35,980.0,82.48,0.0,82.60,497.8,82.74,86.0,
,84.34,1680,84.48,15.0,84.48,5.44,84.59,0,84.73,3.9,84.84,33.0,84.98,5.66,85.09,260.0,83.82,980.0,83.95,0.0,84.08,497.8,84.23,86.0,
,85.77,1400,85.91,14.3,85.91,4.61,86.05,0,86.19,3.1,86.31,33.0,86.44,5.74,86.57,260.0,85.25,990.0,85.35,0.0,85.49,497.8,85.61,86.0,
,87.23,1160,87.37,15.0,87.37,3.42,87.53,0,87.67,2.7,87.79,33.0,87.92,5.68,88.04,320.0,86.69,980.0,86.81,0.0,86.95,497.8,87.10,86.0,
,88.68,920,88.80,20.3,88.80,3.94,88.92,0,89.05,2.7,89.19,33.0,89.33,4.63,89.47,320.0,88.18,980.0,88.30,9.8,88.43,497.8,88.55,86.0,
,90.17,880,90.31,19.5,90.31,3.86,90.45,0,90.58,3.1,90.71,33.0,90.83,5.06,90.96,320.0,89.61,970.0,89.77,2.4,89.89,497.8,90.04,87.0,
,91.64,1080,91.78,57.9,91.78,15.86,91.89,0,92.02,30.2,92.15,33.0,92.29,4.98,92.43,1380.0,91.08,970.0,91.22,7.3,91.36,497.8,91.50,87.0,
,93.06,1920,93.18,90.2,93.18,43.17,93.31,0,93.43,99.6,93.55,31.0,93.68,5.10,93.80,2110.0,92.56,1030.0,92.68,163.5,92.81,497.8,92.93,87.0,
,94.43,2520,94.55,155.6,94.55,98.83,94.68,0,94.81,99.6,94.96,29.0,95.08,5.03,95.22,2170.0,93.93,1480.0,94.05,253.8,94.18,268.4,94.30,87.0,
,95.92,4600,96.06,169.2,96.06,172.92,96.20,0,96.34,99.6,96.47,25.0,96.61,4.84,96.75,2120.0,95.36,2360.0,95.50,356.2,95.64,497.8,95.80,87.0,
,97.45,4560,97.57,186.5,97.57,182.83,97.70,0,97.82,99.6,97.95,24.0,98.07,4.85,98.19,2140.0,96.88,2070.0,97.03,312.3,97.16,114.7,97.31,87.0,
,98.82,5400,98.94,90.2,98.94,21.53,99.07,0,99.19,9.4,99.32,21.0,99.44,5.72,99.56,290.0,98.32,2100.0,98.45,317.2,98.57,497.8,98.69,87.0,
,100.19,3960,100.32,16.5,100.32,13.97,100.44,0,100.58,9.0,100.73,21.0,100.85,4.60,100.99,290.0,99.69,1110.0,99.82,0.0,99.94,497.8,100.07,87.0,
,101.65,3040,101.80,17.3,101.80,11.06,101.92,0,102.06,7.1,102.20,23.0,102.32,5.05,102.44,290.0,101.13,1030.0,101.27,0.0,101.40,497.8,101.55,86.0,
,103.07,2720,103.21,15.8,103.21,9.28,103.33,0,103.46,5.9,103.58,24.0,103.71,5.38,103.83,280.0,102.57,1010.0,102.69,0.0,102.82,497.8,102.94,86.0,
,104.51,2200,104.65,15.0,104.65,7.06,104.81,0,104.95,5.5,105.07,25.0,105.20,5.63,105.34,280.0,103.95,1000.0,104.09,0.0,104.23,497.8,104.37,86.0,
,106.05,2120,106.17,15.0,106.17,6.83,106.31,0,106.45,6.3,106.59,25.0,106.71,5.02,106.84,510.0,105.47,1000.0,105.61,0.0,105.75,497.8,105.89,86.0,
,107.48,2120,107.60,34.6,107.60,16.14,107.73,0,107.87,11.0,107.99,25.0,108.12,4.66,108.24,650.0,106.96,990.0,107.09,36.6,107.23,497.8,107.35,87.0,
,108.95,2080,109.09,41.4,109.09,19.28,109.24,0,109.38,12.9,109.51,25.0,109.66,4.88,109.82,860.0,108.37,1010.0,108.52,56.1,108.66,497.8,108.82,87.0,
,110.55,2120,110.67,56.4,110.67,26.17,110.81,0,110.95,16.5,111.09,24.0,111.22,4.95,111.36,900.0,109.95,1050.0,110.09,97.6,110.25,497.8,110.39,87.0,
,112.01,2160,112.15,60.2,112.15,28.25,112.31,0,112.43,16.5,112.55,22.0,112.68,4.89,112.80,910.0,111.49,1120.0,111.62,107.4,111.74,497.8,111.87,87.0,
,113.42,2160,113.55,58.6,113.55,26.17,113.67,0,113.80,15.7,113.93,22.0,114.06,4.84,114.18,880.0,112.92,1140.0,113.06,112.2,113.17,497.8,113.30,87.0,
,114.81,2200,114.93,57.1,114.93,26.44,115.05,0,115.18,14.9,115.31,21.0,115.44,4.79,115.57,830.0,114.31,1140.0,114.43,107.4,114.56,497.8,114.68,87.0,
,116.20,2240,116.35,54.1,116.35,24.72,116.49,0,116.63,14.9,116.77,21.0,116.91,4.75,117.06,830.0,115.69,1130.0,115.82,97.6,115.94,497.8,116.06,87.0,
,117.71,2240,117.84,54.1,117.84,25.61,117.97,0,118.11,14.9,118.25,21.0,118.39,4.78,118.55,820.0,117.20,1130.0,117.34,97.6,117.46,497.8,117.59,87.0,
,119.21,2280,119.34,52.6,119.34,25.03,119.46,0,119.58,11.4,119.71,21.0,119.84,4.75,119.96,570.0,118.67,1130.0,118.81,95.2,118.95,497.8,119.09,87.0,
,120.58,2280,120.71,34.6,120.71,15.22,120.83,0,120.96,8.6,121.08,21.0,121.21,4.59,121.35,410.0,120.08,1090.0,120.21,48.8,120.33,497.8,120.46,87.0,
,122.07,2200,122.20,15.8,122.20,7.08,122.35,0,122.48,5.5,122.62,22.0,122.75,4.63,122.89,280.0,121.48,1030.0,121.62,14.6,121.76,497.8,121.91,88.0,
,123.57,2120,123.69,15.8,123.69,7.31,123.81,0,123.95,5.1,124.09,23.0,124.23,4.95,124.37,280.0,123.05,1000.0,123.15,0.0,123.29,497.8,123.42,88.0,
,125.05,2080,125.15,15.0,125.15,7.14,125.29,0,125.40,5.1,125.54,24.0,125.65,5.11,125.79,280.0,124.50,1000.0,124.64,0.0,124.78,497.8,124.90,88.0,
,126.49,2000,126.62,15.8,126.62,6.83,126.78,0,126.89,4.7,127.03,24.0,127.14,5.22,127.29,280.0,125.91,1000.0,126.07,0.0,126.20,497.8,126.35,88.0,
,127.90,1960,128.04,82.7,128.04,37.50,128.15,0,128.30,99.6,128.39,24.0,128.55,4.81,128.67,2140.0,127.40,990.0,127.53,0.0,127.65,497.8,127.79,88.0,
,129.37,3440,129.53,173.7,129.53,143.22,129.64,0,129.80,99.6,129.90,21.0,130.05,4.79,130.15,2100.0,128.82,1310.0,128.95,248.9,129.09,497.8,129.23,88.0,
,130.79,4000,130.91,166.9,130.91,144.86,131.07,0,131.20,99.6,131.35,18.0,131.48,4.71,131.62,2100.0,130.30,2170.0,130.40,356.2,130.54,497.8,130.65,88.0,
,132.34,4520,132.48,57.9,132.48,26.08,132.60,0,132.73,12.2,132.85,15.0,132.97,5.34,133.10,290.0,131.78,2070.0,131.91,351.4,132.07,497.8,132.20,88.0,
,133.75,3360,133.89,15.8,133.89,11.47,134.05,0,134.17,7.8,134.32,15.0,134.45,4.70,134.59,290.0,133.23,1100.0,133.35,0.0,133.47,497.8,133.61,88.0,
,135.31,2640,135.45,15.8,135.45,8.39,135.59,0,135.71,6.3,135.84,18.0,135.98,4.58,136.12,280.0,134.74,1020.0,134.87,0.0,135.03,497.8,135.15,88.0,
,136.78,2560,136.90,15.0,136.90,8.39,137.06,0,137.20,5.9,137.32,19.0,137.45,4.72,137.57,280.0,136.24,1010.0,136.37,0.0,136.53,497.8,136.63,88.0,
,138.19,2480,138.32,15.0,138.32,8.22,138.44,0,138.57,5.9,138.69,20.0,138.83,4.85,138.96,280.0,137.70,1000.0,137.82,0.0,137.94,497.8,138.07,88.0,
,139.64,2400,139.80,15.0,139.80,8.11,139.91,0,140.07,5.9,140.19,20.0,140.33,4.97,140.46,280.0,139.08,1000.0,139.22,0.0,139.36,497.8,139.50,88.0,
,141.14,2320,141.30,15.0,141.30,7.58,141.43,0,141.57,5.5,141.71,21.0,141.85,5.00,141.99,1020.0,140.58,1000.0,140.72,0.0,140.86,497.8,141.00,88.0,
,142.65,2360,142.81,54.9,142.81,27.69,142.95,0,143.07,11.8,143.20,19.0,143.32,4.43,143.44,650.0,142.12,1020.0,142.25,146.4,142.39,497.8,142.54,88.0,
,144.07,2360,144.19,35.3,144.19,16.78,144.31,0,144.44,10.6,144.56,18.0,144.69,4.47,144.83,570.0,143.57,1100.0,143.69,61.0,143.82,497.8,143.94,88.0,
,145.55,2360,145.67,33.1,145.67,16.89,145.81,0,145.95,10.2,146.07,19.0,146.19,4.59,146.32,540.0,144.97,1050.0,145.11,46.4,145.25,497.8,145.39,88.0,
,146.94,2320,147.08,26.3,147.08,11.58,147.22,0,147.36,8.2,147.50,19.0,147.64,4.61,147.80,410.0,146.45,1030.0,146.57,39.0,146.69,497.8,146.82,88.0,
,148.48,2320,148.62,19.5,148.62,9.33,148.76,0,148.90,5.9,149.06,20.0,149.20,4.61,149.32,270.0,147.92,1020.0,148.06,12.2,148.20,497.8,148.34,88.0,
,149.96,2280,150.10,15.8,150.10,7.69,150.24,0,150.38,5.5,150.52,21.0,150.66,4.63,150.82,290.0,149.45,1000.0,149.59,0.0,149.71,497.8,149.83,88.0,
,151.45,2240,151.57,21.8,151.57,11.36,151.69,0,151.82,8.2,151.94,21.0,152.06,4.63,152.20,480.0,150.95,990.0,151.07,0.0,151.20,497.8,151.32,88.0,
,152.90,2240,153.06,32.3,153.06,14.94,153.20,0,153.34,9.8,153.48,21.0,153.62,4.71,153.78,560.0,152.35,1000.0,152.48,31.7,152.62,497.8,152.78,88.0,
,154.45,2240,154.58,38.3,154.58,18.36,154.71,0,154.84,11.8,154.96,21.0,155.08,4.70,155.21,680.0,153.90,1020.0,154.06,43.9,154.20,497.8,154.32,88.0,
,155.85,2240,155.98,41.4,155.98,19.25,156.12,0,156.28,11.8,156.40,20.0,156.56,4.71,156.70,670.0,155.33,1040.0,155.46,61.0,155.58,497.8,155.71,88.0,
,157.37,2240,157.50,41.4,157.50,19.42,157.63,0,157.78,11.4,157.88,19.0,158.02,4.70,158.13,660.0,156.84,1050.0,156.98,63.4,157.12,497.8,157.24,88.0,
,158.79,2240,158.91,39.1,158.91,17.17,159.07,0,159.20,9.4,159.34,19.0,159.49,4.64,159.63,540.0,158.27,1050.0,158.38,61.0,158.51,497.8,158.63,88.0,
,160.34,2240,160.46,31.6,160.46,13.94,160.59,0,160.72,9.0,160.86,19.0,160.99,4.58,161.13,530.0,159.79,1040.0,159.91,41.5,160.06,497.8,160.20,88.0,
,161.84,2240,161.98,30.1,161.98,12.69,162.10,0,162.23,8.6,162.35,19.0,162.48,4.62,162.61,510.0,161.29,1030.0,161.41,39.0,161.56,497.8,161.70,88.0,
,163.28,2200,163.38,30.1,163.38,13.61,163.53,0,163.65,8.6,163.79,19.0,163.91,4.62,164.07,510.0,162.75,1020.0,162.87,34.2,163.00,497.8,163.13,88.0,
,164.78,2200,164.91,29.3,164.91,12.97,165.06,0,165.20,8.6,165.34,19.0,165.48,4.62,165.62,500.0,164.20,1020.0,164.34,31.7,164.48,497.8,164.62,88.0,
,166.32,2160,166.44,28.6,166.44,12.44,166.58,0,166.71,8.6,166.83,20.0,166.96,4.61,167.09,500.0,165.78,1020.0,165.90,34.2,166.06,497.8,166.20,88.0,
,167.71,2160,167.84,30.1,167.84,13.53,167.96,0,168.09,8.2,168.22,20.0,168.35,4.62,168.47,500.0,167.21,1020.0,167.34,31.7,167.46,497.8,167.59,88.0,
,169.10,2120,169.23,29.3,169.23,12.92,169.38,0,169.54,8.2,169.66,20.0,169.81,4.62,169.95,490.0,168.60,1010.0,168.72,31.7,168.85,497.8,168.97,88.0,
,170.59,2120,170.71,28.6,170.71,11.42,170.84,0,170.96,8.2,171.09,20.0,171.21,4.63,171.33,490.0,170.07,1010.0,170.20,31.7,170.32,497.8,170.46,88.0,
,171.99,2120,172.13,28.6,172.13,12.47,172.29,0,172.40,8.2,172.57,20.0,172.70,4.62,172.84,490.0,171.46,1010.0,171.58,29.3,171.71,497.8,171.85,88.0,
,173.57,2080,173.70,28.6,173.70,11.61,173.84,0,173.96,7.8,174.09,20.0,174.21,4.62,174.34,490.0,172.98,1010.0,173.12,29.3,173.28,497.8,173.40,88.0,
,174.97,2040,175.10,27.8,175.10,11.50,175.23,0,175.35,7.8,175.47,20.0,175.61,4.61,175.75,470.0,174.46,1010.0,174.60,29.3,174.72,497.8,174.85,88.0,
,176.45,2040,176.60,27.8,176.60,11.42,176.73,0,176.85,7.5,176.98,20.0,177.12,4.62,177.24,470.0,175.89,1010.0,176.05,29.3,176.17,497.8,176.32,88.0,
,177.93,2000,178.06,27.8,178.06,11.11,178.17,0,178.31,6.7,178.43,20.0,178.57,4.59,178.70,420.0,177.37,1000.0,177.51,29.3,177.65,497.8,177.81,88.0,
,179.41,1960,179.57,25.6,179.57,10.53,179.70,0,179.84,7.1,179.98,20.0,180.12,4.64,180.25,460.0,178.85,1000.0,178.99,19.5,179.13,497.8,179.27,88.0,
,180.93,1960,181.06,25.6,181.06,10.25,181.20,0,181.34,8.2,181.48,20.0,181.62,4.56,181.76,560.0,180.39,1000.0,180.55,24.4,180.67,497.8,180.81,88.0,
,182.38,1960,182.50,34.6,182.50,13.83,182.64,0,182.79,9.4,182.89,20.0,183.04,4.67,183.16,700.0,181.88,1000.0,182.01,41.5,182.14,497.8,182.26,88.0,
,183.81,1960,183.93,42.9,183.93,17.06,184.05,0,184.18,11.8,184.30,19.0,184.44,4.71,184.58,760.0,183.30,1020.0,183.43,65.9,183.56,497.8,183.68,88.0,
,185.30,2000,185.42,57.9,185.42,25.47,185.57,0,185.70,19.2,185.84,18.0,185.98,4.80,186.12,1060.0,184.72,1050.0,184.86,83.0,185.00,497.8,185.14,88.0,
,186.79,2040,186.89,74.4,186.89,32.39,187.04,0,187.14,20.0,187.29,15.0,187.41,4.73,187.57,1080.0,186.28,1130.0,186.38,153.7,186.53,497.8,186.64,88.0,
,188.25,2080,188.39,74.4,188.39,33.53,188.55,0,188.66,18.8,188.81,14.0,188.95,4.64,189.09,1010.0,187.71,1210.0,187.84,148.8,187.99,497.8,188.12,88.0,
,189.74,2120,189.87,69.2,189.87,31.25,189.99,0,190.12,17.6,190.24,13.0,190.36,4.59,190.49,960.0,189.23,1210.0,189.36,136.6,189.50,497.8,189.62,88.0,
,191.11,2120,191.25,66.2,191.25,30.56,191.39,0,191.55,17.3,191.68,13.0,191.82,4.58,191.96,960.0,190.61,1200.0,190.74,126.9,190.86,497.8,190.99,88.0,
,192.66,2160,192.81,66.2,192.81,30.25,192.95,0,193.09,17.3,193.22,13.0,193.35,4.58,193.48,950.0,192.09,1180.0,192.24,126.9,192.38,497.8,192.54,88.0,
,194.17,2160,194.31,65.4,194.31,30.08,194.45,0,194.59,16.9,194.73,13.0,194.86,4.59,195.00,900.0,193.61,1190.0,193.75,126.9,193.89,497.8,194.05,88.0,
,195.71,2200,195.84,51.9,195.84,23.50,195.96,0,196.08,13.3,196.22,13.0,196.35,4.59,196.48,690.0,195.14,1180.0,195.28,109.8,195.40,497.8,195.56,88.0,
,197.11,2160,197.25,34.6,197.25,15.67,197.39,0,197.54,9.4,197.67,14.0,197.82,4.32,197.95,490.0,196.60,1120.0,196.73,70.8,196.85,497.8,196.97,88.0,
,198.65,2160,198.81,29.3,198.81,13.03,198.94,0,199.07,8.6,199.19,15.0,199.32,4.51,199.44,690.0,198.09,1040.0,198.23,34.2,198.37,497.8,198.53,88.0,
,200.07,2120,200.19,49.6,200.19,22.89,200.32,0,200.46,14.9,200.59,15.0,200.73,4.74,200.88,830.0,199.57,1020.0,199.70,68.3,199.82,497.8,199.94,88.0,
,201.56,2120,201.70,54.1,201.70,25.36,201.84,0,201.98,15.7,202.12,14.0,202.28,4.67,202.39,900.0,201.03,1080.0,201.14,92.7,201.30,497.8,201.42,88.0,
,203.05,2160,203.15,62.4,203.15,29.97,203.29,0,203.40,17.3,203.54,14.0,203.65,4.63,203.79,940.0,202.53,1130.0,202.63,112.2,202.78,497.8,202.90,88.0,
,204.40,2160,204.54,64.7,204.54,30.44,204.65,0,204.79,17.6,204.91,13.0,205.07,4.59,205.20,950.0,203.89,1160.0,204.04,119.6,204.15,497.8,204.29,88.0,
,205.89,2200,206.05,55.6,206.05,25.19,206.17,0,206.31,14.5,206.45,12.0,206.59,4.59,206.71,810.0,205.34,1180.0,205.48,122.0,205.61,497.8,205.76,88.0,
,207.34,2200,207.46,54.9,207.46,25.00,207.58,0,207.71,12.2,207.84,13.0,207.96,4.58,208.08,670.0,206.84,1140.0,206.96,97.6,207.08,497.8,207.21,88.0,
,208.71,2200,208.85,42.9,208.85,19.11,208.99,0,209.13,11.0,209.27,13.0,209.41,4.46,209.56,590.0,208.21,1100.0,208.33,68.3,208.46,497.8,208.58,88.0,
,210.23,2160,210.35,37.6,210.35,16.94,210.48,0,210.60,9.4,210.73,14.0,210.85,4.48,210.97,540.0,209.70,1060.0,209.82,53.7,209.95,497.8,210.09,88.0,
,211.63,2120,211.77,31.6,211.77,13.06,211.91,0,212.07,9.0,212.20,15.0,212.35,4.52,212.48,530.0,211.10,1040.0,211.22,41.5,211.35,497.8,211.48,88.0,
,213.13,2080,213.26,41.4,213.26,18.33,213.38,0,213.51,11.4,213.64,15.0,213.80,4.60,213.92,770.0,212.62,1020.0,212.75,39.0,212.89,497.8,213.01,88.0,
,214.57,2040,214.69,59.4,214.69,26.39,214.82,0,214.94,16.9,215.06,15.0,215.19,4.71,215.32,930.0,214.06,1040.0,214.20,97.6,214.32,497.8,214.44,88.0,
,216.00,2040,216.14,60.2,216.14,26.00,216.26,0,216.40,14.5,216.54,14.0,216.65,4.69,216.80,820.0,215.44,1120.0,215.58,117.1,215.72,497.8,215.86,88.0,
,217.40,2000,217.54,54.9,217.54,22.53,217.65,0,217.79,14.1,217.91,13.0,218.07,4.57,218.21,810.0,216.90,1130.0,217.04,97.6,217.15,497.8,217.29,88.0,
,218.90,1960,219.05,51.9,219.05,21.17,219.16,0,219.31,12.9,219.45,13.0,219.57,4.54,219.69,760.0,218.35,1110.0,218.48,92.7,218.62,497.8,218.78,88.0,
,220.34,1960,220.46,48.9,220.46,19.67,220.58,0,220.71,12.2,220.85,13.0,220.98,4.52,221.13,720.0,219.82,1090.0,219.96,85.4,220.09,497.8,220.21,88.0,
,221.86,1960,222.00,45.1,222.00,17.61,222.14,0,222.28,11.4,222.40,14.0,222.55,4.49,222.65,670.0,221.29,1080.0,221.41,78.1,221.57,497.8,221.70,88.0,
,223.29,1920,223.40,41.4,223.40,15.53,223.55,0,223.67,10.2,223.81,14.0,223.95,4.45,224.09,630.0,222.79,1060.0,222.90,65.9,223.04,497.8,223.14,88.0,
,224.73,1960,224.86,36.8,224.86,14.53,224.99,0,225.12,9.4,225.24,15.0,225.36,4.49,225.49,600.0,224.23,1040.0,224.35,58.6,224.48,497.8,224.60,88.0,
,226.17,1960,226.32,36.8,226.32,14.44,226.45,0,226.59,9.4,226.72,15.0,226.86,4.53,227.00,610.0,225.61,1030.0,225.75,53.7,225.89,497.8,226.05,88.0,
,227.65,1960,227.79,46.6,227.79,19.89,227.89,0,228.04,12.2,228.14,15.0,228.29,4.60,228.40,760.0,227.14,1030.0,227.30,56.1,227.40,497.8,227.55,88.0,
,229.11,2000,229.25,51.9,229.25,21.53,229.38,0,229.53,13.7,229.63,14.0,229.77,4.66,229.88,870.0,228.57,1060.0,228.70,83.0,228.84,497.8,228.97,88.0,
,230.56,2000,230.69,63.9,230.69,28.25,230.82,0,230.94,18.4,231.07,13.0,231.19,4.68,231.32,990.0,230.02,1080.0,230.14,97.6,230.30,497.8,230.40,89.0,
,232.02,2040,232.16,69.2,232.16,30.58,232.31,0,232.45,18.0,232.57,12.0,232.70,4.59,232.82,990.0,231.46,1150.0,231.60,131.8,231.73,497.8,231.88,89.0,
,233.45,2040,233.57,69.9,233.57,30.97,233.69,0,233.81,18.0,233.94,12.0,234.07,4.56,234.19,990.0,232.94,1180.0,233.07,131.8,233.19,497.8,233.32,89.0,
,234.86,2040,234.99,81.2,234.99,36.33,235.11,0,235.25,22.7,235.39,11.0,235.55,4.54,235.67,1130.0,234.33,1180.0,234.47,139.1,234.61,497.8,234.74,89.0,
,236.35,2040,236.48,85.0,236.48,38.28,236.60,0,236.73,21.2,236.85,10.0,236.98,4.52,237.10,1060.0,235.83,1260.0,235.96,173.2,236.10,497.8,236.22,89.0,
,237.72,2080,237.86,75.9,237.86,33.25,238.00,0,238.14,18.4,238.30,10.0,238.42,4.53,238.57,1000.0,237.22,1270.0,237.35,156.2,237.48,497.8,237.60,89.0,
,239.24,2040,239.37,62.4,239.37,26.97,239.51,0,239.63,16.1,239.76,10.0,239.88,4.52,240.01,860.0,238.69,1220.0,238.83,136.6,238.97,497.8,239.11,89.0,
,240.66,2040,240.80,49.6,240.80,20.58,240.92,0,241.04,12.2,241.16,11.0,241.30,4.47,241.41,700.0,240.15,1160.0,240.31,102.5,240.41,497.8,240.56,89.0,
,242.08,2000,242.22,46.6,242.22,19.36,242.36,0,242.48,11.0,242.62,12.0,242.74,4.41,242.87,840.0,241.55,1090.0,241.67,78.1,241.80,497.8,241.94,89.0,
,243.55,1960,243.67,70.7,243.67,30.17,243.83,0,243.98,19.2,244.10,12.0,244.23,4.61,244.35,960.0,243.00,1060.0,243.14,117.1,243.28,497.8,243.40,89.0,
,244.99,1960,245.12,56.4,245.12,23.08,245.24,0,245.37,14.1,245.49,11.0,245.62,4.58,245.74,800.0,244.48,1160.0,244.60,117.1,244.73,497.8,244.85,89.0,
,246.36,1960,246.50,53.4,246.50,21.53,246.64,0,246.80,13.3,246.92,12.0,247.07,4.57,247.21,700.0,245.86,1120.0,245.99,97.6,246.11,497.8,246.24,88.0,
,247.90,1920,248.06,46.6,248.06,18.36,248.17,0,248.33,11.4,248.46,12.0,248.60,4.36,248.72,700.0,247.34,1090.0,247.48,78.1,247.62,497.8,247.76,88.0,
,249.36,1920,249.49,44.4,249.49,17.72,249.62,0,249.74,10.6,249.87,12.0,250.01,4.46,250.16,670.0,248.85,1060.0,248.98,73.2,249.12,497.8,249.24,88.0,
,250.86,1920,251.01,57.1,251.01,22.92,251.14,0,251.30,13.3,251.42,12.0,251.58,4.67,251.71,700.0,250.32,1050.0,250.44,68.3,250.58,497.8,250.72,88.0,
,252.37,1920,252.49,41.4,252.49,16.28,252.61,0,252.74,8.6,252.86,12.0,252.99,4.41,253.11,540.0,251.84,1070.0,251.99,75.6,252.12,497.8,252.24,88.0,
,253.83,1920,253.96,29.3,253.96,11.69,254.09,0,254.21,7.5,254.34,13.0,254.46,4.49,254.59,490.0,253.25,1040.0,253.39,36.6,253.55,497.8,253.67,88.0,
,255.30,1880,255.42,32.3,255.42,13.14,255.56,0,255.67,9.4,255.83,14.0,255.96,4.54,256.09,610.0,254.72,1010.0,254.86,34.2,255.00,497.8,255.14,88.0,
,256.71,1880,256.83,37.6,256.83,14.56,256.95,0,257.10,9.4,257.24,14.0,257.37,4.56,257.52,610.0,256.21,1010.0,256.34,51.2,256.46,497.8,256.58,88.0,
,258.22,1880,258.36,36.8,258.36,14.47,258.50,0,258.64,9.4,258.78,14.0,258.92,4.55,259.08,620.0,257.66,1020.0,257.81,53.7,257.94,497.8,258.08,88.0,
,259.78,1920,259.92,37.6,259.92,14.31,260.07,0,260.21,9.4,260.34,14.0,260.47,4.53,260.60,620.0,259.22,1020.0,259.36,51.2,259.50,497.8,259.64,89.0,
,261.23,1920,261.37,37.6,261.37,15.00,261.51,0,261.65,9.8,261.81,14.0,261.93,4.53,262.08,600.0,260.72,1020.0,260.85,51.2,260.97,497.8,261.10,89.0,
,262.74,1920,262.87,15.8,262.87,4.97,262.99,0,263.12,4.3,263.24,14.0,263.37,4.36,263.49,270.0,262.21,1030.0,262.34,48.8,262.47,497.8,262.61,89.0,
,264.17,1840,264.33,15.0,264.33,5.75,264.46,0,264.59,4.3,264.71,15.0,264.83,4.72,264.96,270.0,263.62,990.0,263.75,0.0,263.89,497.8,264.03,89.0,
,265.62,1800,265.76,15.0,265.76,5.75,265.88,0,266.01,4.3,266.15,15.0,266.31,4.90,266.43,260.0,265.08,980.0,265.20,0.0,265.34,497.8,265.48,89.0,
,267.10,1720,267.23,15.0,267.23,5.78,267.35,0,267.48,3.9,267.60,15.0,267.73,4.96,267.85,260.0,266.57,980.0,266.69,0.0,266.82,497.8,266.96,89.0,
,268.47,1640,268.60,15.0,268.60,5.25,268.72,0,268.85,3.9,268.99,15.0,269.11,5.01,269.25,260.0,267.97,980.0,268.10,0.0,268.22,497.8,268.35,89.0,
,269.93,1520,270.08,14.3,270.08,4.44,270.21,0,270.34,3.1,270.48,16.0,270.60,5.05,270.73,250.0,269.38,980.0,269.52,0.0,269.66,497.8,269.81,89.0,
,271.39,1480,271.54,15.0,271.54,4.94,271.64,0,271.79,3.1,271.90,16.0,272.04,5.07,272.15,260.0,270.86,980.0,271.00,0.0,271.14,497.8,271.26,89.0,
,272.82,1600,272.93,15.0,272.93,4.83,273.09,0,273.21,3.5,273.34,16.0,273.47,5.09,273.61,250.0,272.29,980.0,272.39,0.0,272.54,497.8,272.66,89.0,
,274.31,1680,274.43,14.3,274.43,5.25,274.57,0,274.69,4.3,274.82,16.0,274.95,5.11,275.08,350.0,273.75,980.0,273.89,0.0,274.01,497.8,274.15,89.0,
,275.75,1760,275.89,29.3,275.89,12.25,276.05,0,276.17,9.0,276.33,16.0,276.46,4.32,276.59,650.0,275.21,980.0,275.33,19.5,275.47,497.8,275.61,89.0,
,277.22,1880,277.35,45.9,277.35,19.17,277.47,0,277.60,12.9,277.72,15.0,277.85,4.59,277.97,790.0,276.71,990.0,276.84,61.0,276.98,497.8,277.10,89.0,
,278.65,1520,278.81,54.1,278.81,18.94,278.94,0,279.08,11.8,279.21,14.0,279.34,4.55,279.47,790.0,278.10,1040.0,278.24,78.1,278.38,112.2,278.52,89.0,
,280.17,1680,280.33,51.9,280.33,18.22,280.46,0,280.59,12.2,280.71,13.0,280.84,4.53,280.98,760.0,279.61,1050.0,279.75,92.7,279.89,497.8,280.05,88.0,
,281.60,1480,281.72,36.1,281.72,11.03,281.85,0,281.97,2.4,282.09,13.0,282.23,4.40,282.36,250.0,281.10,1060.0,281.22,80.5,281.35,95.2,281.47,88.0,
,283.00,1280,283.14,14.3,283.14,3.72,283.30,0,283.42,2.4,283.56,14.0,283.69,4.63,283.83,250.0,282.49,1000.0,282.61,0.0,282.74,497.8,282.86,88.0,
,284.55,1320,284.67,13.5,284.67,4.86,284.83,0,284.97,3.5,285.11,15.0,285.24,4.84,285.37,250.0,283.97,980.0,284.11,0.0,284.25,497.8,284.39,88.0,
,285.99,1480,286.12,14.3,286.12,4.81,286.24,0,286.36,3.5,286.49,16.0,286.61,4.92,286.74,250.0,285.49,970.0,285.61,0.0,285.74,497.8,285.86,88.0,
,287.41,1280,287.57,14.3,287.57,3.69,287.69,0,287.83,2.7,287.97,16.0,288.11,4.97,288.25,250.0,286.86,970.0,287.00,0.0,287.14,497.8,287.30,88.0,
,288.97,1120,289.11,15.0,289.11,3.67,289.25,0,289.39,2.4,289.53,17.0,289.67,4.58,289.82,250.0,288.39,970.0,288.53,0.0,288.67,497.8,288.83,88.0,
,290.46,1120,290.58,18.8,290.58,5.06,290.71,0,290.84,3.5,290.98,17.0,291.10,4.51,291.24,360.0,289.95,970.0,290.07,0.0,290.21,497.8,290.34,88.0,
,291.94,1240,292.08,21.1,292.08,5.72,292.22,0,292.36,4.3,292.50,17.0,292.64,4.58,292.80,360.0,291.37,970.0,291.52,9.8,291.65,497.8,291.82,88.0,
,293.47,1360,293.61,20.3,293.61,6.19,293.75,0,293.89,4.7,294.05,17.0,294.17,4.58,294.33,410.0,292.92,970.0,293.06,9.8,293.17,497.8,293.33,88.0,
,294.96,1480,295.09,27.1,295.09,9.06,295.22,0,295.35,6.7,295.48,17.0,295.60,4.59,295.72,470.0,294.46,970.0,294.59,19.5,294.71,497.8,294.83,88.0,
,296.35,1760,296.48,37.6,296.48,14.69,296.60,0,296.73,9.8,296.85,16.0,296.97,4.64,297.10,450.0,295.85,980.0,295.98,29.3,296.09,497.8,296.23,88.0,
,297.76,1520,297.91,30.1,297.91,9.81,298.06,0,298.18,6.3,298.33,15.0,298.46,4.53,298.59,380.0,297.23,1000.0,297.35,24.4,297.49,497.8,297.63,88.0,
,299.31,1440,299.43,16.5,299.43,5.22,299.58,0,299.72,3.9,299.86,16.0,299.98,4.56,300.11,290.0,298.73,990.0,298.87,7.3,299.01,497.8,299.15,88.0,
,300.77,1400,300.91,14.3,300.91,4.42,301.07,0,301.19,3.1,301.33,16.0,301.47,4.55,301.61,250.0,300.25,980.0,300.39,0.0,300.51,497.8,300.64,88.0,
,302.33,1280,302.46,15.0,302.46,3.39,302.58,0,302.71,2.7,302.83,17.0,302.96,4.57,303.08,250.0,301.75,970.0,301.89,0.0,302.05,497.8,302.17,88.0,
,303.71,1200,303.83,15.8,303.83,4.83,303.96,0,304.08,3.9,304.21,17.0,304.34,4.56,304.46,360.0,303.21,970.0,303.33,0.0,303.46,497.8,303.58,88.0,
,305.09,1240,305.21,22.6,305.21,7.28,305.34,0,305.46,5.5,305.59,17.0,305.71,4.58,305.83,460.0,304.59,970.0,304.71,9.8,304.84,497.8,304.96,88.0,
,306.50,1640,306.64,27.1,306.64,9.72,306.80,0,306.92,7.1,307.08,17.0,307.22,4.60,307.36,470.0,305.97,970.0,306.10,26.8,306.24,497.8,306.36,88.0,
,308.04,1760,308.15,25.6,308.15,9.47,308.30,0,308.41,6.7,308.56,16.0,308.66,4.57,308.79,260.0,307.48,980.0,307.62,29.3,307.76,497.8,307.90,88.0,
,309.41,1720,309.55,15.0,309.55,5.67,309.67,0,309.83,3.9,309.97,16.0,310.11,4.54,310.25,260.0,308.92,980.0,309.06,0.0,309.16,497.8,309.31,88.0,
,310.96,1320,311.09,14.3,311.09,3.83,311.23,0,311.35,2.7,311.48,17.0,311.60,4.52,311.72,280.0,310.39,980.0,310.55,0.0,310.67,497.8,310.83,88.0,
,312.35,1000,312.47,16.5,312.47,3.33,312.60,0,312.74,2.4,312.87,17.0,313.02,4.62,313.16,320.0,311.85,970.0,311.97,0.0,312.10,497.8,312.23,88.0,
,313.86,880,314.00,18.8,314.00,3.47,314.14,0,314.28,2.4,314.42,18.0,314.58,4.58,314.71,330.0,313.32,970.0,313.44,0.0,313.58,497.8,313.72,88.0,
,315.37,880,315.51,20.3,315.51,3.67,315.63,0,315.76,2.4,315.88,18.0,316.00,4.56,316.14,330.0,314.83,970.0,314.96,2.4,315.09,497.8,315.23,88.0,
,316.86,960,317.00,29.3,317.00,7.28,317.14,0,317.30,5.1,317.42,18.0,317.58,4.59,317.72,480.0,316.30,970.0,316.42,12.2,316.58,497.8,316.72,88.0,
,318.40,1080,318.54,20.3,318.54,2.50,318.64,0,318.79,2.4,318.89,18.0,319.04,4.56,319.15,300.0,317.86,970.0,318.00,26.8,318.14,497.8,318.29,88.0,
,319.79,880,319.89,19.5,319.89,3.67,320.02,0,320.14,2.4,320.29,18.0,320.39,4.60,320.52,320.0,319.29,970.0,319.39,0.0,319.54,497.8,319.64,88.0,
,321.22,880,321.38,19.5,321.38,3.72,321.51,0,321.66,2.4,321.81,18.0,321.93,4.57,322.08,340.0,320.66,970.0,320.80,4.9,320.94,497.8,321.09,88.0,
,322.72,880,322.85,22.6,322.85,4.06,322.97,0,323.10,2.7,323.24,19.0,323.39,4.58,323.55,330.0,322.21,970.0,322.35,9.8,322.47,497.8,322.60,88.0,
